Galaxy　S8 スマホケース,¥500,https://item.mercari.com/jp/m44003711676/?_s=U2FsdGVkX19dS6wpzdjUPvbFHpN3vjhv6jIHoIhc1cYyNDwukvwQLpAp0k0QzEx-QZqKGBfXKyWZXNfT-k-z7Dko2CtsSR5Hxk0Eui4gWRYYSsg_sbCv8QPKya-lHDtc,https://static.mercdn.net/thumb/photos/m44003711676_1.jpg?1566376082
Galaxys8 空箱,¥800,https://item.mercari.com/jp/m92681486442/?_s=U2FsdGVkX193FRlcEyFN1tfe_MhZK2GjkMcNym2uFfK-W-IunbWH1Ozxp49RKRAnE7qOpEB4kJpiYeML-VUjNwvwEAq3jWbnE0R0HbMd-K29KxZScZ443YoniSYyD0PB,https://static.mercdn.net/thumb/photos/m92681486442_1.jpg?1565276549
Galaxy S8+ 携帯カバー,"¥1,000",https://item.mercari.com/jp/m19387778376/?_s=U2FsdGVkX19t0tk69H33hyM6vYsS3bc5wUAj9HTTnjWn11qc6LsgR3pdIWdKPTFY2tbPQpoSb9vxU5g16QqaYEJBuaOG5jei2SO4nsSRBV_mf_Kyz3-o2ZIA7-lJUuw1,https://static.mercdn.net/thumb/photos/m19387778376_1.jpg?1570957669
Galaxy S8 Blue 箱のみ,"¥1,000",https://item.mercari.com/jp/m89462351023/?_s=U2FsdGVkX1-DduHFhM-rDhchnYoM2nOYeHtYb113HuFNXitAS3cD5crxQ-8UiUow5M1W3sdQDLDKo5O8HdRY_AWwJf1kMIAf0AD59PGYMmDGKW3jOqAH19VMfImYaEsb,https://static.mercdn.net/thumb/photos/m89462351023_1.jpg?1565848656
iPhone・Android対応 sdカードリーダー,"¥1,250",https://item.mercari.com/jp/m61077124902/?_s=U2FsdGVkX1_4fvxC4pcSV_zPaVA9ZYNOYvLVws0eFSNDpwNuYPD8nXZa8zWF5eJzkOFvhTnvnoezW_EBXxl8P6Q52tec15YAYLCJZA6VoCTCIB_hkPdWnmqiYL1Gwf3w,https://static.mercdn.net/thumb/photos/m61077124902_1.jpg?1567602510
新品★高品質iPhone・Android対応 メモリーカードリーダー,"¥1,299",https://item.mercari.com/jp/m36786455990/?_s=U2FsdGVkX1_vxcpKFsr9HI4O8J1_euWdrftLcQ2t3rUkZXj6RETVBTt-QvMdnd5-11mBVcBXpi5NaYTFP7DbNq7Tjb_qcrlj17Fuizpa7rP2XZrWf4tHC9R1lvF69hWR,https://static.mercdn.net/thumb/photos/m36786455990_1.jpg?1566794257
PUBGコントローラー 荒野行動 6本指 ゲームパット CODモバイル,"¥1,499",https://item.mercari.com/jp/m58863806386/?_s=U2FsdGVkX1-SKgxJDRmDYc-V4kuAgrAKef0aq2aSDApZD3HnSP3oF2GdJiZeKmhXoTeHrbIsgjTF1I5ZbYwR8sOW6gZ1BDtgfvuTzimzyJBDmMJuacwIFVnGrlC9f4PF,https://static.mercdn.net/thumb/photos/m58863806386_1.jpg?1573905698
Galaxy S8 純正ケース,"¥1,500",https://item.mercari.com/jp/m21123514485/?_s=U2FsdGVkX1-pxG2tfai4T32rnYOXuEfrsH5ISh-M68iq6_jaNp0icMn9hPJBzZg6ovDb5kyyXwtFzNXJNNN1OtL0n9ZUDNU0gUDAc9VjYgWtDUVWf_YubnPYu8Oj4GGN,https://static.mercdn.net/thumb/photos/m21123514485_1.jpg?1573207312
auGALAXY S8箱,"¥1,500",https://item.mercari.com/jp/m66706974924/?_s=U2FsdGVkX18z1f9w5gOlT6U3TsBPcPK2Ybs7_I1tCKLLzgO2o3EmwuvBnN62dlXPvQTQ5cKOdYepg32FIWTA8d-wMSaQtg7NaL4o1WJvI0_Vbm30WpF_hhYyzwQ_dKMD,https://static.mercdn.net/thumb/photos/m66706974924_1.jpg?1570315366
無線HDMI変換 ゲーム Youtube 映画鑑賞に！高品質,"¥1,680",https://item.mercari.com/jp/m84885830226/?_s=U2FsdGVkX19SVdSHMv6j2LisL4UR5hBH54mm3gE7KFnfCmu6DTcQEHL4_IXwjsDCgtpq9Zs5VjdrpuVHS1er0aurAw9xQXHq63E0U5f65OsQtBbRFkVGpEI9ilxoZKYG,https://static.mercdn.net/thumb/photos/m84885830226_1.jpg?1570503075
ドコモ　GALAXYS8　(SC-02J)箱　　純正付属品　　セット,"¥1,950",https://item.mercari.com/jp/m99521239512/?_s=U2FsdGVkX19PiNnoOSWxfzgwQwluqlj27lGStJvbTenzJNRhFZlAEnDZH5UhLeZMBA85MCsZFvOF969hLliZT-X2WqG7PIp5EuujXBiPyjaKorJIhl2l7-PmUzlY44Iz,https://static.mercdn.net/thumb/photos/m99521239512_1.jpg?1573909718
GALAXYs8 箱 ワンセグアンテナ,"¥2,000",https://item.mercari.com/jp/m14241334883/?_s=U2FsdGVkX1-iPyRaDmQjODHkyhu25XLB-tpwbXlb_MzzagmS8sfQ4ZvWaJpy61cz9OiaRlsOwmc54DkqD0At2Z5KqYZRi-wb9HpesVWmWGiz_96JpJZ-aE725gkNHQyq,https://static.mercdn.net/thumb/photos/m14241334883_1.jpg?1564922582
GALAXY Ｓ８ 本革カバー,"¥3,000",https://item.mercari.com/jp/m13105047753/?_s=U2FsdGVkX1-uoal_lCCsFHKmThljRKbEi5ztlgm9hFMpLfdtppEfuG9zmtEx7R2SoLRBpjfFh_LEeJ4_E9C7_xcgqlkFzUF7FNwENNWOoM5vRlJYee4xQQvVYXFiZnnu,https://static.mercdn.net/thumb/photos/m13105047753_1.jpg?1560686702
Galaxy S8　ジャンク品,"¥8,200",https://item.mercari.com/jp/m91168893803/?_s=U2FsdGVkX18HdnLjGeCqDWYzH_dBSFEMh36Ntx5a3yQEgGgjD7k_pQ_x66RDAmGpuI1TIxyq-QDD4wyYRrJIhZLDOMgtINlbq5-gyMcDcTCCqUI6VVJ4e5d71MxZmK6i,https://static.mercdn.net/thumb/photos/m91168893803_1.jpg?1570662364
Galaxy S8+ Black 64 GB docomo simフリー,"¥8,999",https://item.mercari.com/jp/m74673809856/?_s=U2FsdGVkX18Gizcu_e2UVEfAbqSMyh4aVEeiaDFQr4c18-vPvsSiSyHxJTLn0R2Txf5md9wcJvVeATv4zhSQ2_nbiWmZ2VFpJ-qeYWAdjovd-Wul6Exo56lywbwqj-h2,https://static.mercdn.net/thumb/photos/m74673809856_1.jpg?1573124752
[ジャンク品]Galaxy S8 Gray 64 GB,"¥9,500",https://item.mercari.com/jp/m23517403933/?_s=U2FsdGVkX1_D-WS6X86yLZX4ROVbLGb0OWM_5jtz5mOyY6YjLGxWT-156r6pAQSQzAe_PYwK606-dsrvEuv50Z_j5LfnC_4_0T0quGlkEbx6JYx5f1dr7WvjZ7DO-iuB,https://static.mercdn.net/thumb/photos/m23517403933_1.jpg?1572937616
Galaxy S8 Black 64 GB au ジャンク,"¥9,500",https://item.mercari.com/jp/m72337706541/?_s=U2FsdGVkX1-debORMdXtfFif9xaIfUL9pim6XII1qI3E78IAEkxB2e0Z8Cr_E5tRz2MWbzzDnl5zopUrIkvHcPmL_cWU8z3YEGNzXoNA7-tnOaXg_Zz-XlxEC_9zxlZ-,https://static.mercdn.net/thumb/photos/m72337706541_1.jpg?1569173168
Galaxy S8+ Black 64 GB docomo ジャンク品,"¥10,650",https://item.mercari.com/jp/m36151148919/?_s=U2FsdGVkX1-j4vGHIxuFwgyJ9BUbzqOSLRq2SU0-CFB2PCISHYgBq4_S6C5mv1G6-Pu0BB1mtgb1-RxrnNETfBJ3U7zLkdNb-ZL6GyvBLntIk4QT8zihblk3PWX6rySk,https://static.mercdn.net/thumb/photos/m36151148919_1.jpg?1570589508
iPhone 6s Space Gray 64 GB au,"¥12,600",https://item.mercari.com/jp/m46700285064/?_s=U2FsdGVkX1-Ju9ku9EtNU0x4f99JCLF5ODwti4oP8C0qUGAPrsM3B3HYPoUTErEp15Yr78NZJ3Dv_ecJWdmmkm7RRVCAOKG85IIGp6ldvlHIn42MuhaSofOAPnh802lZ,https://static.mercdn.net/thumb/photos/m46700285064_1.jpg?1573444240
Xperia x performance 502SO simフリー,"¥13,399",https://item.mercari.com/jp/m67835532804/?_s=U2FsdGVkX19IMykigrJ1WrPZqGyFY5f0ZXSyNgbZN-o6QiO7UPEf2vhCdevuoUkw4WgvZRhUW-qfEE66SKxzPMa4BH0L3Zcyj3gaNT1Qb9VmxrUBuO-YEKP5NwURkcpa,https://static.mercdn.net/thumb/photos/m67835532804_1.jpg?1567168787
AQUOS R（黒・ソフトバンク）,"¥13,500",https://item.mercari.com/jp/m32517907665/?_s=U2FsdGVkX19uEeaNgDiwvJNHVg-ERXcEvT0EOaDv_YwAmmzqB-_HsjY31BdMI-1akYC2jiRyOfvItaI6AHaKI1JHwC3K1XYnGUcJ07tvnKy3iL5G7ptekqcNq2xd00ro,https://static.mercdn.net/thumb/photos/m32517907665_1.jpg?1573866984
Galaxy S8+ Black 64GB docomo SC-03J ジャンク,"¥15,000",https://item.mercari.com/jp/m82819506841/?_s=U2FsdGVkX19SeDYhTdMPLL-oBsBUmWGlBiFUFYIaKEZMWAycJHmQ0OeOMr9FY_hgkYsWR6Qx0PRI5Vn_yglhMvUzFrdN9erNHw7bG_RP5KJx7uOrZrj85tozBbskjxZ2,https://static.mercdn.net/thumb/photos/m82819506841_1.jpg?1573869526
GALAXY　S8 SC-03J　本体,"¥16,000",https://item.mercari.com/jp/m72603373530/?_s=U2FsdGVkX1-Hi05aPDb9vqof9yamAcru_jns-hDqXx8HqKZCqKMs5f6ADvzKpf6NZcI69fJc3k8lwVQm2aJSHnA7BJo9sBMTWnKALNyPYtzqxNc-e3phx89C9fFzhU90,https://static.mercdn.net/thumb/photos/m72603373530_1.jpg?1572083250
Galaxy S7 edge White 32 GB au,"¥16,900",https://item.mercari.com/jp/m95822288730/?_s=U2FsdGVkX1_WinR_UBZQLAAutVPMr2CW6esZBBgsQJVbLq2HkToNHCAjVx1E_zZihW_nDET4trAzsfh-muwBtyy7135s3VnSKtPxZ9udeF-JSdkA1zUfVtWClZ5kjH1X,https://static.mercdn.net/thumb/photos/m95822288730_1.jpg?1573831428
Galaxy S8 Black 64 GB au SIMフリー,"¥17,000",https://item.mercari.com/jp/m17720436774/?_s=U2FsdGVkX1_H8VMDDupKQHZm82pfsryr-yKQGcpjrWnkjewNX_ScHDOU77W3woq3XMSqER2FujQ8sok4r6ARfU886ySuPku8r6XkabBmema89AsRTildeFS7UUwrqN-Y,https://static.mercdn.net/thumb/photos/m17720436774_1.jpg?1573022795
GALAXY S8(SCV36)64G,"¥17,000",https://item.mercari.com/jp/m97059049806/?_s=U2FsdGVkX18e2TMyM8h6bl1C88OdihPfenn533EhxdvPgZxlMu9RnOJdG99ApT5-Gd3oplYcLLHkHvJqF6H7aTZ8EwEbpFry5DJgeLobNMTRUanKWj3ka_PH4IN8GIcj,https://static.mercdn.net/thumb/photos/m97059049806_1.jpg?1571309453
galaxy s8 simロック解除版,"¥19,000",https://item.mercari.com/jp/m68857736869/?_s=U2FsdGVkX18NWJCDtTI7qYY0GYLmlLJXw9gfYd0OCKeCTOP8DRqBFCdhG4Pm4pfaPb0KhetCWfWuqa0SHKZP7amNaJ6FCSqgMxBfNtNkF1rU8Cys1Rm_mE2ZOjirfYsk,https://static.mercdn.net/thumb/photos/m68857736869_1.jpg?1553873066
Galaxy S8 Gray 64 GB docomo,"¥19,800",https://item.mercari.com/jp/m53320590485/?_s=U2FsdGVkX1-YrK-uS1F0QipWOglIDMDREA4DAk8KZd7G7XOKPVwQf7ufKXzH5-y8GRNnV-ajD1Frnf5G9DBpQck2hdss7zvwR-kbA7Px1JxST1IrIIZGZgJEB0i7wAkp,https://static.mercdn.net/thumb/photos/m53320590485_1.jpg?1573873248
au Galaxy S8 SCV36 中古　スマホ　白ロム,"¥19,900",https://item.mercari.com/jp/m10283528356/?_s=U2FsdGVkX19Dwdd0f4AUVAEjPlE8PEZorG0Y45nBf1m28aRKSTRgT8NuxOqm0qGK4EfHEIzZapp-Cba_hgHlkcUKGkrdSf5H8MlGmA8JCxKisv3mYnfHlExn0A255sGH,https://static.mercdn.net/thumb/photos/m10283528356_1.jpg?1558817074
【最終値下げ】Samsung Galaxy S8 Plus ※画面割れ有,"¥20,000",https://item.mercari.com/jp/m86005188624/?_s=U2FsdGVkX1-xLc8T1kY6KXwF7UEjwxGo0BM1kESkSuBmiTPN1eySCqIMGLN6cH-3pfQdAtOUSc-fuFYKL3I1QAmqdetER0QRBADVGPz22la1GqL2N5cQ0XmWPjn5c0eW,https://static.mercdn.net/thumb/photos/m86005188624_1.jpg?1570750846
Galaxy S8 Black 64 GB docomo,"¥20,000",https://item.mercari.com/jp/m94281242839/?_s=U2FsdGVkX1_BFMCUXemENTsnZ1eo9IOsIe3MJKTMShvhDgLo5P7un86MA2nNkJcPxNTSPWsstTQErA_Wzwk25Z0uGzAOiX0kdkn8qAVBWXoDsHA6WUaiPYtQJzxkHAxg,https://static.mercdn.net/thumb/photos/m94281242839_1.jpg?1569029273
GALAXYs8,"¥20,500",https://item.mercari.com/jp/m33300471834/?_s=U2FsdGVkX18ePdi08eNeI1ybcYocfJj5AmJzGJGVhIX5WDfv3fTi6ZSmvykSOs4dWfPetpmcSflTSdCbnyXcZaUix0uJg5TWVXuVpiPKOQXBMROpvyRR4v3yshni-Tb1,https://static.mercdn.net/thumb/photos/m33300471834_1.jpg?1561331054
☆☆Galaxy s8+　GalaxyVRセット☆☆,"¥21,000",https://item.mercari.com/jp/m79185837524/?_s=U2FsdGVkX1_MUU2u_yYrqUW_NPx0gbnRaik--GBDtWEmU5_VIfPR4XIdbog-muQbfYpmvAo76fm8IWoZUkU9mNhOb0CpULgawS5NQN6KHhRsgdbBjqe52Pl9wOqCFY8f,https://static.mercdn.net/thumb/photos/m79185837524_1.jpg?1565503212
Galaxy S8 Gray 64 GB SIMフリー（海外版）,"¥21,111",https://item.mercari.com/jp/m83499788499/?_s=U2FsdGVkX1_IvZTctiH6PeiMEIAJvoITqisEOehdgTE9B0nGKIkg_FWsXYVH6Kgsbh9nzALneLekNf4XVW5rDfwwSOerjFmFqg0448JQaWJuVqMgKfocbc7As0QP3Mf1,https://static.mercdn.net/thumb/photos/m83499788499_1.jpg?1566432384
【最終値下げ】OnePlus 5T 8GB/128GB SIMフリー plus,"¥21,800",https://item.mercari.com/jp/m64622979102/?_s=U2FsdGVkX1_vfRhWuEw6BIAIkY-r9nND_QuKorWHxiyzmkJJdgujpEZpdHR0cuwtijwFPgHIkiGVc74Ged0e1-cTpRGA949ATDKYIG4wMV-1pB0oX5a0-oW_gqqlC8Rf,https://static.mercdn.net/thumb/photos/m64622979102_1.jpg?1573738280
Galaxy S8 Black 64 GB SIMフリー,"¥21,999",https://item.mercari.com/jp/m32255308719/?_s=U2FsdGVkX18OyauwaWXZwcx9_TpK5-yivjl58NiEtOKmMbwxKtYrd5vcuh30rYZnBqtgyy1rv0_HqU9JVTXkXbegcwhQZgdIe8z83iWP36CZFV6m0_yQbrvMKnEQAHdA,https://static.mercdn.net/thumb/photos/m32255308719_1.jpg?1568991400
Galaxy Feel2 Opal Black 32 GB docomo,"¥22,000",https://item.mercari.com/jp/m53999453489/?_s=U2FsdGVkX1_MZO_lriKf4kmUwJrTw8g-TRnxoUvDIqH7GfaoaDpwB3ZK5TyW2naWWWopIWeBXElFGwXSrqQbKvk2dqNW0InTXXDcG9jo30wwQ3xxmedi8HpEUA4dSTOW,https://static.mercdn.net/thumb/photos/m53999453489_1.jpg?1573598073
GALAXY SC-03J 液晶割れ,"¥22,222",https://item.mercari.com/jp/m57261784235/?_s=U2FsdGVkX19tgNcGpUPGHilQafGS8lCS3qjskkG-mUgC3rM0k3xU2B2eaXL-kbyNM8WQNZrFX8kBUxdE7yPjrmtdned6076M-pTJy6eLj0wx7KFtMPf6SwNz340MWeVv,https://static.mercdn.net/thumb/photos/m57261784235_1.jpg?1567615596
Galaxy S8 Orchid Gray 64GB キャリアau,"¥23,000",https://item.mercari.com/jp/m88254889082/?_s=U2FsdGVkX1-H7fTM1dJH8zxBcTqujx3hpatDLnZXJyIrb26PskwCuWGeIhCUK7M6GZBpxWKZ7-w7G_MI-_v9b_xWe2JshBryzXIdrgD5RU2qtUyMCGuiPJNoRbEFRajY,https://static.mercdn.net/thumb/photos/m88254889082_1.jpg?1573882121
値下げ　GALAXY S8 本体　傷あり,"¥23,000",https://item.mercari.com/jp/m78806709139/?_s=U2FsdGVkX19mkMjylHQURuQ45iG6MSZP_GQur0IzSjYb_irzPM_TbiwLacm3TCM_VaPddoVrCSLHyxUsEZpe4vyBdi7nnEcbOR0iA_7GCM68i-Pqzp3GaPy-CTzb94lY,https://static.mercdn.net/thumb/photos/m78806709139_1.jpg?1569372368
最終値下げ！Galaxy S8,"¥23,000",https://item.mercari.com/jp/m15968655921/?_s=U2FsdGVkX18Z3BhmdIfpezn9NabYJHGSQtM3BhJxHim0-ySe5B5HwGJlWS5_yy_p75sMeAxFqhYKrzgYzREH-n5uFEFWuS8TfzMWWGxptZPxhPS5yVVRipmY3TiZ3ElL,https://static.mercdn.net/thumb/photos/m15968655921_1.jpg?1563107179
Galaxy S8+ Black 64 GB,"¥23,333",https://item.mercari.com/jp/m30344046483/?_s=U2FsdGVkX1_IahdL1Xs-G0T5zWiSXRrwlA5Z_z17MkG5ec58rb9Gbt-oXKk62YFaWfxBjz0nqI_mxxgBTg9W4w4SBqEsRU6bOJSAwyJcUtLYICTp0oI-2PE2V8hTnRz8,https://static.mercdn.net/thumb/photos/m30344046483_1.jpg?1572972710
☀️ Galaxy S8 docomo ☀️,"¥23,400",https://item.mercari.com/jp/m32024476304/?_s=U2FsdGVkX1-S0T_r9bxWTktQmm2b0OZvcSY7pD4NNtRRzVjAMRwKa-MXAzu0BDicoGX_U8L6a9VZNg2WaZBhXCqwAYCjagPL3M-dH3csM7m8IAoTLvJdvAuOdhs5tYB2,https://static.mercdn.net/thumb/photos/m32024476304_1.jpg?1569681463
15日、16日限定！Galaxy S8 Gray 64 GB docomo,"¥23,800",https://item.mercari.com/jp/m16005439631/?_s=U2FsdGVkX18VXevYLSXx2HLZNFuxPJRs2OXuaKyPtD_daJWy2fv2B3g0QdqX2j9pOBcDRrGNy-MDO8przV53iWN1DWkl4wsi1JRmAxHFkoEmGJV8-Dop6rMxgPWB1Btf,https://static.mercdn.net/thumb/photos/m16005439631_1.jpg?1573359034
Galaxy S8 Black 64 GB au,"¥24,000",https://item.mercari.com/jp/m58279473564/?_s=U2FsdGVkX19MthuJNRKSyqrVnwK6-Pn1C_HTvhXJSOznpSCX--c5PngCIuQixFfsaoIGPJS7Rr2t_Gxwc5WS1jFQIJCmuUjDE6kYxGH9-MDDcV2M89hAjM1-8er3mrLg,https://static.mercdn.net/thumb/photos/m58279473564_1.jpg?1573810357
Galaxy S8 Blue 64 GB au,"¥24,000",https://item.mercari.com/jp/m74508517413/?_s=U2FsdGVkX19GLAMiXpPMr91nLxNmkmUznV5V6dZFQ48h5bX7C5_TcdP6OGLJyh6o6QoXq7nkl7vt7Q0sw5XOJPc6UGZBeds4N36RyXIVyDwlo4P8SuRIuSHSUfh7W2YA,https://static.mercdn.net/thumb/photos/m74508517413_1.jpg?1573307617
Galaxy S8 Black 64 GB docomo,"¥24,000",https://item.mercari.com/jp/m85478420906/?_s=U2FsdGVkX18h8RhvZ5bpfqodNvT0quBx8QQtMYYSoI1jgUkcIXRcztoe-FGGUh2RuRNz0L7pIzp6IPhECa_EAHyM354uJ8rZ3Ip7e28GWUcTOkHv6Ind8drkegNWOZmH,https://static.mercdn.net/thumb/photos/m85478420906_1.jpg?1559971991
Galaxy s8　SIMフリー,"¥24,444",https://item.mercari.com/jp/m75984939306/?_s=U2FsdGVkX1-BgzJbmihsqbdYp3GWbZQ2P1yLt0SDA9OL3A8FQ289NZKNMGY5jioT8OIdn_7YXmUZtGXCJ4dzCbxeSbna1Gwd9uSfuMyusXIKeWx_fYwR66v3zQB-SOb2,https://static.mercdn.net/thumb/photos/m75984939306_1.jpg?1569242949
値下げ☆美品☆Galaxy S8 simロック解除済み,"¥24,500",https://item.mercari.com/jp/m41018379550/?_s=U2FsdGVkX183I4D6Jj96RxUC1wEj1T5GkGwByxWibhpRQBRfSrHhKr3eCceejmvbkDMeh1hByOw9Mh7aP369rfmqM1S1YdTCylJlNFElUUpRJsd7i1MmKHBdn-k8Z1A2,https://static.mercdn.net/thumb/photos/m41018379550_1.jpg?1569105996
美品　iPhone7 black 32GB softbank,"¥24,580",https://item.mercari.com/jp/m42198810673/?_s=U2FsdGVkX18fb86shCgGBQHoQryC7WyD-uO1MO3-6Fht83LLbZ6o5Ns7kaE4gnMQsR30C9rgyVUut0F5GBG_MY0i_JEqjeZ_1qY2NVLW6-pn_gIvbREx2V_V6gVc3wyU,https://static.mercdn.net/thumb/photos/m42198810673_1.jpg?1569729338
