,,https://item.mercari.com/jp/m52469593471/?_s=U2FsdGVkX1_Pj4_pYIefInQyEz1U2JzrMi6FnpuaYEKQzrPJ3QtyBPGnIDHGCxGDs1uocDczHSj-bbVsFozKIzrTuW4NOyCtmqZMQcfW7vcCWhwlGte9qOwtI_4g5Oy2,https://static.mercdn.net/thumb/photos/m52469593471_1.jpg?1573920421
,,https://item.mercari.com/jp/m73753146893/?_s=U2FsdGVkX18NNl-gOfex07kK8k0EGZO5MuyT8yLQsmp8VnToo7_Y9CIFIpqa8tb8PGxfRs8ADuxae4XufAw5CkS8F2uMm_bS-GBJhIbVjnqVJAHkrq-ExUN-FB0sgMIP,https://static.mercdn.net/thumb/photos/m73753146893_1.jpg?1573914381
,,https://item.mercari.com/jp/m38371398508/?_s=U2FsdGVkX1-VIZK8fDmGoCfGVh2mbyB6KDm-DJmjyRZXJmdN_gdYMDhSD0p7ZOEpB9VR17DCowQpM3SSlFSgbxHLq95C8qhKFzAWmkosM-6RvlersFrLDH0LaKQb5JdL,https://static.mercdn.net/thumb/photos/m38371398508_1.jpg?1573909033
,,https://item.mercari.com/jp/m97077407737/?_s=U2FsdGVkX1_nS5QFmsJXSAkHMgid0xa9JtGceKA3ee5cm0wAnGGvNB2rO9o-O26Nr-AaEfNJRzOvtJ_ZzpIR0jlbuGG8Kyv2-And3vyysFArDY7ZMRGax4cXKUoUBYeI,https://static.mercdn.net/thumb/photos/m97077407737_1.jpg?1573621766
,,https://item.mercari.com/jp/m84090194651/?_s=U2FsdGVkX1-Rq6RxM6vK-KFRgsViMK-6eF2HWkQR9MFxfSkVThacW-8mmFSK9uD3V5feoo3AUBqVE_DqvszXYTHp3rtwGieadf2JLXHSOWpyR9NabWrfYd5Smfb_UyBi,https://static.mercdn.net/thumb/photos/m84090194651_1.jpg?1572356601
,¥300,https://item.mercari.com/jp/m96181737863/?_s=U2FsdGVkX18p4E_MraSikA7ZZNBL_gbkQF6ENzXSbMbV1eM--X2Bjcsh0fKDoN-IAo8xs4-Zbzqgj1tiAN-sB4mULE0k646GJq2iUrFwxod281i16dUWXTrWc_85Y6xv,https://static.mercdn.net/thumb/photos/m96181737863_1.jpg?1573086430
◆混合4個セット◆MicroUSBケーブル to Type-C 変換アダプター,¥300,https://item.mercari.com/jp/m43804562846/?_s=U2FsdGVkX1-5Cvr5D287-O57gNqURw3JSKDrXQm1fi0HYwswZ7gTsOgD9ns6gxPmN1PeLLbhwYz4yoUJl_THjtQz6zSILq7FaBsuRmpxXl-PoE-3WClwtp9IwhbeDSo-,https://static.mercdn.net/thumb/photos/m43804562846_1.jpg?1572921776
◆白4個セット◆MicroUSBケーブル to Type-C 変換アダプター,¥300,https://item.mercari.com/jp/m64993591165/?_s=U2FsdGVkX1-dGyHIXi87UII8X_xeLq9Svc1XAXI-QCqd_4RqLjtQ5G_LmfppQFpz7vZ0uaE_nzA-bvsJGATSgNnusEA0JDw-E1JHEJV5_2e4GkRyujU8mNAtb4HT_bvL,https://static.mercdn.net/thumb/photos/m64993591165_1.jpg?1572872298
,,https://item.mercari.com/jp/m56259002540/?_s=U2FsdGVkX1_fnRNkcEPoP4YLP6nQVvnLZ9sHlaG6jZ_NGddAYc0suiKt6EWb-f27dnXzzOmtOADFUl-XfiyXS_FnrEcDOH-7hIzeeQG3FXIRKR-M_1DhOqUKohjeiSLN,https://static.mercdn.net/thumb/photos/m56259002540_1.jpg?1572845893
,,https://item.mercari.com/jp/m75843724227/?_s=U2FsdGVkX1-HK4h6JQkH1fPaGfgxFDljdN51jQfxgCqwNTFgg1Bo9EANubnCLsBCaYFwIbVlK9KCKb8EU_EIfhWjZqPnG9xaUch36ycghVOD8wF8k-Iwm99XJtSaG5ck,https://static.mercdn.net/thumb/photos/m75843724227_1.jpg?1572843159
,,https://item.mercari.com/jp/m26145438910/?_s=U2FsdGVkX1_0O4mZMB9xsj6iE1hG3XyDxg-7jzQDMkjpJ3IzRR_clm9hIfymhNnIW4a8TeWvBio1oEipam2HCVbpdSk9JsFNoPzgSbgbXZ4OljEXQjVZKFhJ-UKjjAXf,https://static.mercdn.net/thumb/photos/m26145438910_1.jpg?1572762736
,,https://item.mercari.com/jp/m32377535000/?_s=U2FsdGVkX18x-OKtC2_D8Z7u2byhoVpukIj0H3EN1hYT6p88Vjf_GhWCmYoSbh0y65LcrtsHtVSiSaZSU7VdxGfrKDW29fmqVPnwb7JULy27b9dyFi7mQC8FjFF-O-Ur,https://static.mercdn.net/thumb/photos/m32377535000_1.jpg?1572746356
,,https://item.mercari.com/jp/m17179861670/?_s=U2FsdGVkX199bhSgLmsjt86byLuspGPm8tNobRZhGjWhuwHhYOxsowcqg_emWAuRzNDlPgU8DUD2V3JAgb2tUDvOwpuNTEU2dWG3mviazcB6HylmHyU4TsYjzxpH-kkO,https://static.mercdn.net/thumb/photos/m17179861670_1.jpg?1572706630
,¥300,https://item.mercari.com/jp/m80113859009/?_s=U2FsdGVkX1-lbeC8fMFmiJ9LmqbXwtX5Xx4F1Lupcoyyof1FtlsZeheMp2wt1MXr6rwV_YOzrIi8RcCmHzxgLS-t7avkP3USFWdOGBv0TI3n446YoAaeCJI8dR1AF2lC,https://static.mercdn.net/thumb/photos/m80113859009_1.jpg?1572396895
microUSB→USB type-c変換アダプタ 黒,¥300,https://item.mercari.com/jp/m36101694952/?_s=U2FsdGVkX1-c2_nXeO-9NG-ZxhCXBU2rRlOdozslMRHsLz8AG4-qvfiol6KB_AYt_VdeaMbSice1KgzXXHdQOP6ZsbN2D75OvAldrM-TWrEGGKl1dSmDTolH5TbCH4gu,https://static.mercdn.net/thumb/photos/m36101694952_1.jpg?1572362471
激安！２個セット☆あると便利！変換アダプタ☆USBケーブル☆充電 type−c,¥300,https://item.mercari.com/jp/m15242882306/?_s=U2FsdGVkX18xibUr0qt9tTdwVu16FUEiJE4BaAu8-1Rfekd7nKbzg_qOtd7uZt0ZtFCpU687fI2ivH4TmSMSDtBUOaFd609PgWYZLw4gUjn1RcJsdyRbNSiJ2iBRdT8K,https://static.mercdn.net/thumb/photos/m15242882306_1.jpg?1572352047
新品送料無料 便利スマホグッズ 2台同時充電ライトニングケーブル ブラック(黒),¥300,https://item.mercari.com/jp/m90451265827/?_s=U2FsdGVkX19DvSxgxkV2AChjCrpXciM0buG_4V_4hEztaArOUhkK0HhVqkjg-VTUheuZrLprEmNKOr96qhsulGemePviNgdB8uWo34bOBRXZWeFEqmnMHX06x6iqz1zg,https://static.mercdn.net/thumb/photos/m90451265827_1.jpg?1572346080
新品送料無料 便利スマホグッズ 2台同時充電ライトニングケーブル ホワイト(白),¥300,https://item.mercari.com/jp/m77757060375/?_s=U2FsdGVkX19CWZmfMih58gKnTGS-n2GPiAgoh53SnoReSgPooxgl_F4A_7dt1uKpc0pn8lNtUJO0C8t6Ia38Tqi84OEaTbIhX5KqSMXkK8Q945-KTvGDaEPYdsOCBUia,https://static.mercdn.net/thumb/photos/m77757060375_1.jpg?1572142679
GalaxyS8+　用液晶保護フィルム　新品,¥300,https://item.mercari.com/jp/m68230363651/?_s=U2FsdGVkX1-QU3yAR_0urG_NCWC_ywghZn7WzQmq2AgomfDLQNZSA4byYuucv_oHAsqdVVlHihdQcFQXF1nVPG5LnXnQF1EqyIbFayWzOZbR_Jqy--CsL4LTAwFC1mfJ,https://static.mercdn.net/thumb/photos/m68230363651_1.jpg?1571980250
,,https://item.mercari.com/jp/m38230303738/?_s=U2FsdGVkX19LHrU7wjhazKQkSXCsSttccFpU0ciICUKb8GKmnCEVjDoN56CrqWk9w2N0jFwYtL3rxUTElUhT7f1U9GSQM4-qWPVYU1BM1dKGU1MyncOhws-eG4omxlDc,https://static.mercdn.net/thumb/photos/m38230303738_1.jpg?1571902797
,,https://item.mercari.com/jp/m23524861594/?_s=U2FsdGVkX18cZ2I9PZYyhm-w6mzFgbmwtMxCPMjOQ87ff9HHT0wHZx-SAK_o0_a3vcXfUxo2ySc0PsJdjzcnpU1nk__zTmMKVIlQW6feL-4t_7ZDGduq6oubjQkd7TpV,https://static.mercdn.net/thumb/photos/m23524861594_1.jpg?1571899860
,¥300,https://item.mercari.com/jp/m40869807045/?_s=U2FsdGVkX1-TGm5eq2sqsmFF1iVJSUIrzRdt-Uz95Ss5OZ_cCd1_vVcKXvJQdmxUUjHiZXh1zTS8ipfrZapGRcK_ekgpxie0ZG12VbNmgwxgS18Qb0ehx_h8TqMiLMS5,https://static.mercdn.net/thumb/photos/m40869807045_1.jpg?1571867708
USB Type Cケーブル　ただ今まとめ買いセール実施中！！,¥300,https://item.mercari.com/jp/m28077661106/?_s=U2FsdGVkX19BdgKUXrc3QYAshzj2IPJlzwxYNPpnFlAkN8WStGpGn1c8KV2FxpgKr_-4KPseGjcyjl-IJk42FYXIlW2ktykDfHePVg-4zdm214UeXlNQ6gqm64WU5h61,https://static.mercdn.net/thumb/photos/m28077661106_1.jpg?1571616203
新品送料無料 便利スマホグッズ 2台同時充電ライトニングケーブル ブラック(黒),¥300,https://item.mercari.com/jp/m61223208531/?_s=U2FsdGVkX187RCuZ0nwWssaEVxD0go_woHsaoKquZDd6iayWMz7aTFXgiw_F9cuVk-ZZhWOwaNjXzIeORNi9UjgP3bwZ-6AwTIzZ9ST1HAH1WT9ZyuyKLt8ZSJA7DjzH,https://static.mercdn.net/thumb/photos/m61223208531_1.jpg?1571510481
microUSB→USB type-c変換アダプター5個セット,¥300,https://item.mercari.com/jp/m95977024064/?_s=U2FsdGVkX1_odv2YKmzJC-5t7SR5s0SDLGTziOjP87kd_pMYC9sFtJnP1pU4SJ0etGf4LEt6xbufss0E6ndQX1-D8CjJk_e2LCEM9cp2qsSTv9-jJ-s6gVSZtGVXw7SG,https://static.mercdn.net/thumb/photos/m95977024064_1.jpg?1571405184
ケーブル 高速データ転送対応 対応 急速充電 type Cケーブル　type C,¥300,https://item.mercari.com/jp/m90541602643/?_s=U2FsdGVkX1_cUx4U1gNJtZzFGHQwe3h52ChtOiy6GTtjaWa8rwtYHZMFcKVnIHMXgpSFo6rxt_cTZKkjtzAvVpZBQxIosmzSp_Yld6dh-kO9TIokKtLGH7S9d6bf2X_-,https://static.mercdn.net/thumb/photos/m90541602643_1.jpg?1571378555
,,https://item.mercari.com/jp/m26712445812/?_s=U2FsdGVkX18rK1f1w0XlMiIP0vMdtrF_dB2gw7cVREbvpdZZkLb9nIWqXTTgPsb3p1XysdAqTozmW4srwmpF8PA34zcMq2F2B1IeoYVTu5xNQLP04yo12JoJty7CigL0,https://static.mercdn.net/thumb/photos/m26712445812_1.jpg?1570872819
,,https://item.mercari.com/jp/m78386570273/?_s=U2FsdGVkX1-s9WODvmvVjAPkVJn4obAT9f5r-KUZouSbH2Dk9w_DRj0O0lUwaXz-d_G1Q0AN_wDcqgLKNC_4Nhg5xLj0XZkeKmm-t9RlJLNozp5kk4LKkfFOuHz6rU2M,https://static.mercdn.net/thumb/photos/m78386570273_1.jpg?1570846221
,¥300,https://item.mercari.com/jp/m12028224609/?_s=U2FsdGVkX1-Cr-j_US7R842HxuKSID9Mi9bLFNYnDqU50ecZQ-vsKD_2a6JzSOJeSXi1ETFSKrPgHwHH9YwFdKXqsBBKBocepCE7J8UvBSDgibermVVx8VopMG5Qz8NR,https://static.mercdn.net/thumb/photos/m12028224609_1.jpg?1570617093
携帯ケース GALAXYS8 SCV36,¥300,https://item.mercari.com/jp/m29079561313/?_s=U2FsdGVkX18UaAkLY6CECcAQHqn3WiyYVL0o-6hjFTH8CzAk4Dw9_Mo74f7rvuckXTlmHeAUwKFHtcVYdqRCWWrXixqPyajVtWvt3jpvGJxLQBGxCbzaEATJHFpGADOe,https://static.mercdn.net/thumb/photos/m29079561313_1.jpg?1570016035
,,https://item.mercari.com/jp/m63992474780/?_s=U2FsdGVkX1-6nDKQ7WFg2RwGwitDYQMQsqf9pKBlpKdMjQ6tdW6Q6AHEm9gvSgQHpMG_YwE9xA9D-YhCQNmoupeseo3hbb3s0ArEkeQ9NL0NAVyjuLspPfdKmCOt2nEo,https://static.mercdn.net/thumb/photos/m63992474780_1.jpg?1569728899
,,https://item.mercari.com/jp/m38515299378/?_s=U2FsdGVkX19_yMgH2JZPp5L4LCkWPbajT-7m-D6qRUvWSzU0RjmMuZ65ktrhoQhAmUQB2g9BtYe60UxvjtMK854qeHwl88roetwfdLtiWJ-Pcg8OpVvo9eQpw7Q3s_96,https://static.mercdn.net/thumb/photos/m38515299378_1.jpg?1569657184
,,https://item.mercari.com/jp/m41267656726/?_s=U2FsdGVkX1-FVBw1fqVQps8Jdwvv9tKJzuH5W8UAtDdE-sWZeZRpha-TY4DVCDifzDm2-2FbfVgmOUidhHMli2ZurrXDXPY0ED7Gt5aDpNwaAKuXHepCFYBbN7knTnb2,https://static.mercdn.net/thumb/photos/m41267656726_1.jpg?1569602567
,,https://item.mercari.com/jp/m29083765395/?_s=U2FsdGVkX1-e_qqSn29SUhLimEp_cCDs_qBlu5yacGEVh0DG62fdNnKfuCTl870K_f4oDX12DAxD7BJvUMRrtnfN77efG6WsbOAffT68jTsRQjPGVyVJZ2sCyKBspytD,https://static.mercdn.net/thumb/photos/m29083765395_1.jpg?1569503751
,,https://item.mercari.com/jp/m87050960666/?_s=U2FsdGVkX1_woLAXUqW8t0slCNc94Qk7SKQ7rm50ghr9hazbhbtVHMwGpecUE0brA8jp-SCGj_hQA6HNnoLhTMY1yeI-rE7tWPG-fjRy9pSG0OzS4U4BA8HvawY4WWiM,https://static.mercdn.net/thumb/photos/m87050960666_1.jpg?1563553171
,,https://item.mercari.com/jp/m89282190051/?_s=U2FsdGVkX19vsZSvPP_MdRVbDW7jE8y5ByJV1ROumQRReSOYnZPSvTpJKgnDpMmZIbPmvGQaJvItG8rMLaKA8l5TasthCYQy3w51UsQNLIXM25fEd6lvctfqO9kUQrbm,https://static.mercdn.net/thumb/photos/m89282190051_1.jpg?1569083300
Galaxy　S8 スマホケース,¥500,https://item.mercari.com/jp/m44003711676/?_s=U2FsdGVkX18zFAvY22QKbzbUdSmQtLhEugT3h8XgBPyjomiQgjFwErk9FZ5ytxwC82d_-RJEDE-hk9TMbc0Sm8H60g97JF6lLwIXky0oZVmc5jaSjzxHVi1qyW0yf-mT,https://static.mercdn.net/thumb/photos/m44003711676_1.jpg?1566376082
Galaxys8 空箱,¥800,https://item.mercari.com/jp/m92681486442/?_s=U2FsdGVkX1-NIuzky38-MULIk4Voa9zf0S5yrPgxuRKAVuhgcbUUN8Ci7FSFKVo7-CcPDMGkQdO1N8TWdZNvyztW8TEQGdHV8IGGll2KBLjKWCy6l3fA9P4x5J37nsH_,https://static.mercdn.net/thumb/photos/m92681486442_1.jpg?1565276549
Galaxy S8+ 携帯カバー,"¥1,000",https://item.mercari.com/jp/m19387778376/?_s=U2FsdGVkX1_AS4apSQcjsmF09_9QEHdem7Oq4RG0n3zKaj_5OE5oe4SvcFWWek2ll002IlLjAtpVQmP_xzfJvkVECAb48o_hk_k-NCbzDm6jSyl-OdYFtgBsMZT_BiZJ,https://static.mercdn.net/thumb/photos/m19387778376_1.jpg?1570957669
Galaxy S8 Blue 箱のみ,"¥1,000",https://item.mercari.com/jp/m89462351023/?_s=U2FsdGVkX1_O-GTaORxfJ4XbQIj-X4JdhDoxDYr8RrXXHzcyOf0kB5t4NMJUc9gvh95ra4RW2AeYOVlQE5rDLFyHl4roXyFbFmPGlokjViGvP_2t_ACnph6LdvHY5uFY,https://static.mercdn.net/thumb/photos/m89462351023_1.jpg?1565848656
iPhone・Android対応 sdカードリーダー,"¥1,250",https://item.mercari.com/jp/m61077124902/?_s=U2FsdGVkX19DzH92aUzmNlhxKh2EISItuAH4pQ8eHgb-JCA67cu7pcgJ7ba0uLnl-923hqAgM6nRfXKgu8cRhhGZ0CO8MyAfoYXtiEP_KmdJ7Oc9Lqye4wGONw2T2zLv,https://static.mercdn.net/thumb/photos/m61077124902_1.jpg?1567602510
新品★高品質iPhone・Android対応 メモリーカードリーダー,"¥1,299",https://item.mercari.com/jp/m36786455990/?_s=U2FsdGVkX18aAQcn0oRuzWU9vr1iLIo4Odcxr_JGlX4Vomo88CCKsjfhGuI0eHwj313tTSgt6M_Odfe_SPKAp-qq8C4wQNilh52nEwjv0hnAnCYBdIL8xhNDt4pWHOwj,https://static.mercdn.net/thumb/photos/m36786455990_1.jpg?1566794257
PUBGコントローラー 荒野行動 6本指 ゲームパット CODモバイル,"¥1,499",https://item.mercari.com/jp/m58863806386/?_s=U2FsdGVkX1-zkHJ6kLNXnN-g51kkDd3fTHOEbgl6Z2HNt6gHB9b9FuBOJnYE8E_RtXdO8cwewTGz5JkRu4TYnV116lw0TTINXitqAYTmvN_UyUKsuki4OtFu-cAj2ahf,https://static.mercdn.net/thumb/photos/m58863806386_1.jpg?1573905698
Galaxy S8 純正ケース,"¥1,500",https://item.mercari.com/jp/m21123514485/?_s=U2FsdGVkX18ILH2CKV45VAR4J88zXL4AuBWtCXhjOY0MzerEAZpv-_tzrtEo5ffcvRoXMYZLcRxS8leewtU9NQOUZ9x2fRih7U21J-8v9Mlrn03PgvRGc63G5tlCqFQ-,https://static.mercdn.net/thumb/photos/m21123514485_1.jpg?1573207312
auGALAXY S8箱,"¥1,500",https://item.mercari.com/jp/m66706974924/?_s=U2FsdGVkX1-cDhW0_yrAiqFkFoqxb7q-Lkmlmk2ieoxpdwcmCd--uKezueCi_RtURxG908e0AjczpmkRO2RdfhxTXmRee8xIHsZAJsU2iLIV8OZKV4NyRS39O3SxzSYb,https://static.mercdn.net/thumb/photos/m66706974924_1.jpg?1570315366
無線HDMI変換 ゲーム Youtube 映画鑑賞に！高品質,"¥1,680",https://item.mercari.com/jp/m84885830226/?_s=U2FsdGVkX1-4fCXKbdXTHfBQkwPH7dADTxmxbZh6_x0duzuAgXVLypQbHAaR710OeSfAks1_hqteIG5_q-6eXRoQqMpuqzJTG19xehJMEheXf6I60O6gkVr5DLVZZ29j,https://static.mercdn.net/thumb/photos/m84885830226_1.jpg?1570503075
ドコモ　GALAXYS8　(SC-02J)箱　　純正付属品　　セット,"¥1,950",https://item.mercari.com/jp/m99521239512/?_s=U2FsdGVkX1-U4kXeC7i-DQxudFFOWmjDed-FPnbe57ZLJjzLGTQNet2Ha5qUSzkq2DRPWnvH5jrPtBnlbDotPEbuVAcsV0Wr1PJbPOEQIMyFVBlIkVNPIbAZzHLzGvNg,https://static.mercdn.net/thumb/photos/m99521239512_1.jpg?1573909718
GALAXYs8 箱 ワンセグアンテナ,"¥2,000",https://item.mercari.com/jp/m14241334883/?_s=U2FsdGVkX1-MCNs7j_iM2VcusRf-fGQ8Eq-WWlDEDFx8RWzzxrJ5wWjdUi4NkGrcWNA5Pbf0VtNC5cXh7P4S_pTMAxuzs0OD9n1Ig3f9BGY8ba43tRIHa-kNBkYN3_yO,https://static.mercdn.net/thumb/photos/m14241334883_1.jpg?1564922582
GALAXY Ｓ８ 本革カバー,"¥3,000",https://item.mercari.com/jp/m13105047753/?_s=U2FsdGVkX19W0DkVy75r8U5t3lBNkWWHFhbuKXuNQ9k0EfJct80s4bjeMGEgVdJu3N14OAaphaF2w78FmVJSeFMPEt_1LE3y9QG90Aw4e-GB_AGe-Yo1xvW4CEIr4vaH,https://static.mercdn.net/thumb/photos/m13105047753_1.jpg?1560686702
Galaxy S8　ジャンク品,"¥8,200",https://item.mercari.com/jp/m91168893803/?_s=U2FsdGVkX1-FgqntjhV6srfwfWWSQG1Pei1w7Wtw1QDspKuKTlkOCAqipbQjHdMZSUhdfB7fCofVdOQqtA7abpHEN9zv4XaOoVJWU1Ka1aQI5owU-28dE2X-EXariS7p,https://static.mercdn.net/thumb/photos/m91168893803_1.jpg?1570662364
Galaxy S8+ Black 64 GB docomo simフリー,"¥8,999",https://item.mercari.com/jp/m74673809856/?_s=U2FsdGVkX19r6KT7l3bXyCmHNysJDEy-e2RXZLs39lELuJTd2Wg1pSsUefpmMquHsvDPdPzxovCRQ-nca3WE33DgD4Qc14ZZmnJES9anHFFjpBqlN_X0-NN83AK5aJvU,https://static.mercdn.net/thumb/photos/m74673809856_1.jpg?1573124752
[ジャンク品]Galaxy S8 Gray 64 GB,"¥9,500",https://item.mercari.com/jp/m23517403933/?_s=U2FsdGVkX1-NP_clRBJeKX8P1E_b_cT7VylHMiI4GGrmjujroJhk0_o9SycuEBCVY08vLXyczZXtRkobtgznzU-qF0gRCwIfmZOzoG_Ssw5UvGMGn0L4pLQiKkrvwZ-Q,https://static.mercdn.net/thumb/photos/m23517403933_1.jpg?1572937616
Galaxy S8 Black 64 GB au ジャンク,"¥9,500",https://item.mercari.com/jp/m72337706541/?_s=U2FsdGVkX19DOngUgb7p0w0PeUELvTPPwaCF1OBKCSkJ9dcxoUOYrEN2HLlZBRZEJzGmIggfyOtkhgAzu285WJulmfbk8wxrCJOjUXHxYDk58P6OqM4iCjbBGSX9O48n,https://static.mercdn.net/thumb/photos/m72337706541_1.jpg?1569173168
Galaxy S8+ Black 64 GB docomo ジャンク品,"¥10,650",https://item.mercari.com/jp/m36151148919/?_s=U2FsdGVkX1-XRaPo-E_PB7M4rKHV3btzSiyp2EsDYB4cFWoleuYvsc9OTkBPjCDxglFBYU_tEzlTki_v-whclmEiyjRYzUKFYEQ76kXxk-b6BhmieghXjUhXmX8Gaqt4,https://static.mercdn.net/thumb/photos/m36151148919_1.jpg?1570589508
iPhone 6s Space Gray 64 GB au,"¥12,600",https://item.mercari.com/jp/m46700285064/?_s=U2FsdGVkX1-TiuII8qpm45CnSJqz3rYkMz5O9BONtQeRmV0QZLKamYI6lMLkIVOqUMrim35Y-F-8u8Ozhx_V-pyuoNO51Fmg5gPW2xQS6cqqNPb3bJadU7v6G4H3BU-J,https://static.mercdn.net/thumb/photos/m46700285064_1.jpg?1573444240
Xperia x performance 502SO simフリー,"¥13,399",https://item.mercari.com/jp/m67835532804/?_s=U2FsdGVkX195h0UUuSY76XmFelXz-qE-BSN-u5W5cyx7uC5DSR_iMq2jJYUd0fKNWA9-W6uKEYJDpy_Eti1pVX84yKyD6EzGQd7TN3MqaDQ2uOLCmEMXAJShP1JwNysE,https://static.mercdn.net/thumb/photos/m67835532804_1.jpg?1567168787
Galaxy S8+ Black 64GB docomo SC-03J ジャンク,"¥15,000",https://item.mercari.com/jp/m82819506841/?_s=U2FsdGVkX18ulKQczeaspzcFAalXK6LJTy9xVaFUa-TABJHGw7QWd4aDfXQBwl16aq3Wcy-YfasXcNfT8YReesU2UlYm044blF7qVw8WRgwFqkZdk8IBDuQEa4jJLIWZ,https://static.mercdn.net/thumb/photos/m82819506841_1.jpg?1573869526
GALAXY　S8 SC-03J　本体,"¥16,000",https://item.mercari.com/jp/m72603373530/?_s=U2FsdGVkX19SpXUBj_7G7o_VvAqvQrAdA2Z1pzq2oCWBAbBZJSchybtxUJlraIsv4Q8sElPGiGHMzvgI85IkiRWd8SGh_3PCw2h0RvybBjabVnBbkek0-q5JQtF1aNdK,https://static.mercdn.net/thumb/photos/m72603373530_1.jpg?1572083250
Galaxy S7 edge White 32 GB au,"¥16,900",https://item.mercari.com/jp/m95822288730/?_s=U2FsdGVkX196NEdjvOhoXkiOrHZmNj_MPy_2Rv3WC4MQYIGaIjxxgCNllOjbQWVOqGxSMsqwyJpRXGEh7QvJ8Fz9vYgQVa50mWL7ZIZqXO5r2UsndpE4BxCkWrlrcdZW,https://static.mercdn.net/thumb/photos/m95822288730_1.jpg?1573831428
Galaxy S8 Black 64 GB au SIMフリー,"¥17,000",https://item.mercari.com/jp/m17720436774/?_s=U2FsdGVkX18a4cnRIMtPVAMkLvU1yz0Qv8MD3U-G14xwqQC176kQ1Pinb3rhYC91m9OCUiS8SKJW-s3KtcX_hJqCeBIOQ6OUSKDZMamSA1MXPkYgtLTdh-G3GbV5McVQ,https://static.mercdn.net/thumb/photos/m17720436774_1.jpg?1573022795
GALAXY S8(SCV36)64G,"¥17,000",https://item.mercari.com/jp/m97059049806/?_s=U2FsdGVkX1_GH3yQ5-W9dC8NtUaJ_fcMaheTQV8TMPh5vr2q08kh8HZ8Zr5FVqcVX446romHGSoFuu0CM5juqJF6rG2s-Z0sP4yhNLGPWAQJtmqGUpvvSRjumHu5167u,https://static.mercdn.net/thumb/photos/m97059049806_1.jpg?1571309453
galaxy s8 simロック解除版,"¥19,000",https://item.mercari.com/jp/m68857736869/?_s=U2FsdGVkX1-J9SPwG-Mt-b40SszQCjqvE5H4ZnAIWzd7-zvArlW3A3b_EkHl6V8G5a3lt6z1hop6-0JB-GO6TqEawy6gfoeNKtPt2rQ2MGCK59pWqXitKlMgVCXXdGoB,https://static.mercdn.net/thumb/photos/m68857736869_1.jpg?1553873066
Galaxy S8 Gray 64 GB docomo,"¥19,800",https://item.mercari.com/jp/m53320590485/?_s=U2FsdGVkX19W7Syqyp8jW--oAGdYKStM6TGJhTs22FQ9j_VYyaiJY5nT6q4VsowziycXJiOX0rUdByWK1ysj4kYetHpJt3ocYDc4JwOW7x7LY8EhEIEVoKw-qsWnz_UH,https://static.mercdn.net/thumb/photos/m53320590485_1.jpg?1573873248
au Galaxy S8 SCV36 中古　スマホ　白ロム,"¥19,900",https://item.mercari.com/jp/m10283528356/?_s=U2FsdGVkX1-naS-5UJdid5-Oug4w7JmZKkM2VANngHnLjEKI8YfkQ241ytF8-qF1Q3aFG8HMl9ZRd_jDxiENbj_vuJ5yhSXTOHpOwmopbd3YM8kqnWzcmHdUDxT25Nnb,https://static.mercdn.net/thumb/photos/m10283528356_1.jpg?1558817074
【最終値下げ】Samsung Galaxy S8 Plus ※画面割れ有,"¥20,000",https://item.mercari.com/jp/m86005188624/?_s=U2FsdGVkX18KyzmNganl7uuxuuQZm-T2cl2tqJ3zR362VMhOhs-0tLPWhtGQzE-2R2aJfnTPTDlooO8zHaG3n7jpvGsRaPUsUZf2cWf90EKfQV_0PXohp--hfg1-IjEF,https://static.mercdn.net/thumb/photos/m86005188624_1.jpg?1570750846
Galaxy S8 Black 64 GB docomo,"¥20,000",https://item.mercari.com/jp/m94281242839/?_s=U2FsdGVkX1_DZV0uMl0UmKiXgjRRfiPITnhyFVdvlW-MxBuSxIVepRG_8CB8H5U3hjFVpCS9j-iXlxAu6J-qkZyBSmlX0vrpW_D4yb5graLZibCSFfNILrHnmNONJl4N,https://static.mercdn.net/thumb/photos/m94281242839_1.jpg?1569029273
GALAXYs8,"¥20,500",https://item.mercari.com/jp/m33300471834/?_s=U2FsdGVkX18R2UesQdGOAPW9gpb1t2F_GD_o-tThdr0DvvIiMnvYhQ1qNKsPIeY7BOfJ7kYXXlNUMp4aDH0WN_qsoKkyUFZnANBhLgXutx01O2xfWZLNhCo3rYbMMJcN,https://static.mercdn.net/thumb/photos/m33300471834_1.jpg?1561331054
☆☆Galaxy s8+　GalaxyVRセット☆☆,"¥21,000",https://item.mercari.com/jp/m79185837524/?_s=U2FsdGVkX1_7L904IYnELaO8xgRxT3cIJeOgH7kCcU5yaxvHGV4Q0Z_u0_5-ZFrts2hHHVrI2Wj3pW0TlUbH59H4gK4OpgsTzQLfuiIpO6bWtGFCu-HbsB9Fo6c8oZSo,https://static.mercdn.net/thumb/photos/m79185837524_1.jpg?1565503212
Galaxy S8 Gray 64 GB SIMフリー（海外版）,"¥21,111",https://item.mercari.com/jp/m83499788499/?_s=U2FsdGVkX1-EHDKkbufJ_GN00g3K0lJbfX4SDHgI9S92YK5Ei7ZBqPWPakk9nupMxN-KvybM10Mp515UFBlPQzLCT4gH4nR7i3WN7NeuC2-UYxLbMsie4uP62EiQmD3i,https://static.mercdn.net/thumb/photos/m83499788499_1.jpg?1566432384
【最終値下げ】OnePlus 5T 8GB/128GB SIMフリー plus,"¥21,800",https://item.mercari.com/jp/m64622979102/?_s=U2FsdGVkX18fvHGv-Nb6b49aPkkxFkTFY37wXF7L56Iy0f7FmsH57Y4ARjQpa4ru_VY7a5sTanTMW8aY9EWZNQ-vKDqtDfpjeYdWI-IOi1-Znlc4YUMlIwcE62RX2jgC,https://static.mercdn.net/thumb/photos/m64622979102_1.jpg?1573738280
Galaxy S8 Black 64 GB SIMフリー,"¥21,999",https://item.mercari.com/jp/m32255308719/?_s=U2FsdGVkX18kSQ0lCw3cneTC6IiQaD-NZaEMIOMCKxMb8WZqBGwgvKE8agXFTg4HjZw_UOOhobCyKmuIWl7oVTiFhjTBXLR7UDGSLCQfrarnxfXv7AfM7AM-hmkyXTw9,https://static.mercdn.net/thumb/photos/m32255308719_1.jpg?1568991400
Galaxy Feel2 Opal Black 32 GB docomo,"¥22,000",https://item.mercari.com/jp/m53999453489/?_s=U2FsdGVkX1_0MHLxLE_cwtDI2XQjdAL34-BpSdMREa7cxCx7_rS0GtkPS4wRqbtAkYUv_Txzy2hU3gyxTJbptRcyGsszI0uU_9tP0dPVQyP5HqMV0kVEU4ekJaF7-TwM,https://static.mercdn.net/thumb/photos/m53999453489_1.jpg?1573598073
GALAXY SC-03J 液晶割れ,"¥22,222",https://item.mercari.com/jp/m57261784235/?_s=U2FsdGVkX1-vfnYi6Pm-HM0w9pT2hMXuwON6BAwaQl3l4x4gPysO1_PjrrfmHBNntkqqsj3EFWMGOnKVTPu-mwFXxpqNfCNhOuTQaN_fGO17oHfXF5zQvH6Qtk4lv2oV,https://static.mercdn.net/thumb/photos/m57261784235_1.jpg?1567615596
Galaxy S8 Orchid Gray 64GB キャリアau,"¥23,000",https://item.mercari.com/jp/m88254889082/?_s=U2FsdGVkX1_N5q-X9qytTpp63NMcFRSnmF2UmueQMjJZMnhnUAReqvGdKuqcRKNC8UCUAiReYCPPpdQRQrc06qcdJYlU1m3RKjBuMFUF8Lo63fGBacTLBQtRVSADyAvu,https://static.mercdn.net/thumb/photos/m88254889082_1.jpg?1573882121
値下げ　GALAXY S8 本体　傷あり,"¥23,000",https://item.mercari.com/jp/m78806709139/?_s=U2FsdGVkX1-Aw9bLV9k_agUlyIHBHihTEIimf1G6XrgOrlhJ-eDGQd1JmhJJXGVTGEEWG1D9Zb0vcLbJ_0ZhDkoCMhTfvGUIXm05RXLvTDpYSjHbxaFdwCVvmvONWiwB,https://static.mercdn.net/thumb/photos/m78806709139_1.jpg?1569372368
最終値下げ！Galaxy S8,"¥23,000",https://item.mercari.com/jp/m15968655921/?_s=U2FsdGVkX18g7BDZmg-Z7eRTFkM9wdbupbimsCDOPaOT853_riih1vLMJ4CldYi_D25Cu7hegTnn5_P1tqnkaZekuWqk5t5LSM5JbKJD-FokFAPLrTFwui7ZQvJ9HAzo,https://static.mercdn.net/thumb/photos/m15968655921_1.jpg?1563107179
Galaxy S8+ Black 64 GB,"¥23,333",https://item.mercari.com/jp/m30344046483/?_s=U2FsdGVkX1-mn5THNjJoS9Z10mjM827e7vvJwiimOdGgUs_5OZsQA5M7FPQvbX7X0SPrKGAxu-JFAp6SOGH1w-iIll97GHFgT4NN_hKMiku65qdu6XMu7X5DTtriQjJj,https://static.mercdn.net/thumb/photos/m30344046483_1.jpg?1572972710
☀️ Galaxy S8 docomo ☀️,"¥23,400",https://item.mercari.com/jp/m32024476304/?_s=U2FsdGVkX19Y71RizCrSBEI_czYL4B_H8NNEMXHK4VROF39u0ppgfGxKeiRupkZ-YxSyAGfauM8pNNv_5KaZtThzoL4BaZhjW2gObpO6Cn_CM42x9DicDAqtyar6sMcq,https://static.mercdn.net/thumb/photos/m32024476304_1.jpg?1569681463
15日、16日限定！Galaxy S8 Gray 64 GB docomo,"¥23,800",https://item.mercari.com/jp/m16005439631/?_s=U2FsdGVkX18H7vtxTReuNNZ6L3c-HVkbD-nlW1i7n0welRdWiBXGL1zPTBHGv7XGems7glBhdxPgNdc89K_BLXiQc6quh1ywgI_CYRn-mZXeLjgwnecCGJ7o6oMSqzjM,https://static.mercdn.net/thumb/photos/m16005439631_1.jpg?1573359034
Galaxy S8 Black 64 GB au,"¥24,000",https://item.mercari.com/jp/m58279473564/?_s=U2FsdGVkX1-CSKBykukp1TjVMkZIEwDR3le4dAFwg6pVN4BhLtMISkPBUpk4iM11MUXRE4yxAiMG-ps6SqUxQQi1qjKt1zmySm5MO4C9Zdw4EWi9hq_hzuBC3SYYkGaV,https://static.mercdn.net/thumb/photos/m58279473564_1.jpg?1573810357
Galaxy S8 Blue 64 GB au,"¥24,000",https://item.mercari.com/jp/m74508517413/?_s=U2FsdGVkX1_AV7lfmCP2r1QSCCqnvFTGIquTkD6ypJEhycINNM_ShZPym6B9dIlqpIkeXf3Mp5NvuJTJd71pKcTAgdt629q1h-YH5aADE_gnIUJsYYQXBj4cTFNBOL9b,https://static.mercdn.net/thumb/photos/m74508517413_1.jpg?1573307617
Galaxy S8 Black 64 GB docomo,"¥24,000",https://item.mercari.com/jp/m85478420906/?_s=U2FsdGVkX1_liNZSg33YH7G09fq3vppGEoEvE564a-Gj91ETQV6KUuE5KNKn8WFSt8TyhuXBnT63JUvjPh1rF9ch13GUyUv1gbo2trptcg1UNofthSHEXW1CUYkym2Re,https://static.mercdn.net/thumb/photos/m85478420906_1.jpg?1559971991
Galaxy s8　SIMフリー,"¥24,444",https://item.mercari.com/jp/m75984939306/?_s=U2FsdGVkX19iB2N0-XR5wUxTHYC-h2jcQVummvonYDNa50n-sfp3MMjd88kaSdWCAwhc9UCU1FoMyYSyKxCtkUkxRyIZoxcUaT-DDewc9GLcPJsXX2UrjMjrfo8wfxON,https://static.mercdn.net/thumb/photos/m75984939306_1.jpg?1569242949
値下げ☆美品☆Galaxy S8 simロック解除済み,"¥24,500",https://item.mercari.com/jp/m41018379550/?_s=U2FsdGVkX1_jeIOfxzmYwOdHnVUzovs-64sbl5G39xtVs0pby25F5DYQUnhKfQp73IWVtaOXlbji-Q1SrObRm7bUHLTHqiiHR7XgtBHClZ9MX5xP1Q-L9q9IHb9x8ipS,https://static.mercdn.net/thumb/photos/m41018379550_1.jpg?1569105996
美品　iPhone7 black 32GB softbank,"¥24,580",https://item.mercari.com/jp/m42198810673/?_s=U2FsdGVkX19co2fN9GAYI0s-vCOT-iH6DXl9TIjLhuntTre4ZXRklVbhFxUJ1k6ka9yOnfOM7HzDGTSbb0H3iXOZHSmffAbVRP39P-YabZt2bRQ4KKBW5gRu3CaLYKh7,https://static.mercdn.net/thumb/photos/m42198810673_1.jpg?1569729338
美品♪ simフリー♪ Galaxy S8 sc-02j ドコモ,"¥24,800",https://item.mercari.com/jp/m36561839557/?_s=U2FsdGVkX180Jy-3Sri70sonAs1bXnYO6bGh5hUuMvnYSl6W70Ay6l0s6cRwS76BWWtOfN6DlESZer84U2PPJEsAloXA9ciOYjV16Tt5ERxUB-50_Hkvc1asmZdksSjj,https://static.mercdn.net/thumb/photos/m36561839557_1.jpg?1573394407
Galaxy　S8 スマホケース,¥500,https://item.mercari.com/jp/m44003711676/?_s=U2FsdGVkX1_vGC_YkXXJ-FXOVeyLRWRH3n2MgVh89ThEAbDgyH2V-n2NZhGXnI1Z-jWSuYqvPeM_xq3KjPQcNDQ5-347OrAXqg1XHorBfOYJOP5Dm80TZoo5n2SuLUE0,https://static.mercdn.net/thumb/photos/m44003711676_1.jpg?1566376082
Galaxys8 空箱,¥800,https://item.mercari.com/jp/m92681486442/?_s=U2FsdGVkX1-K99TxaIbIHB6DK-px-NVGYYpuCNZZujYHca296BQXJJaBI5ZxrEcK3XWiLARBuo_mDLq-JtqoBM4xl7zfn2SJuuFWigY0iYUcRj9263NTglaDosEkzHtr,https://static.mercdn.net/thumb/photos/m92681486442_1.jpg?1565276549
Galaxy S8+ 携帯カバー,"¥1,000",https://item.mercari.com/jp/m19387778376/?_s=U2FsdGVkX18IBoaFLctxuOzaD7Ac0IlwV_Lq5y2Xt0DuSApAG4nDl3-iuPjV6NmZYKQMqgafIpfxkEMkAiW411k4LP5kYJPeP2pt5HdS0FAh1P6ZTMlZHHLdpRJyypxO,https://static.mercdn.net/thumb/photos/m19387778376_1.jpg?1570957669
Galaxy S8 Blue 箱のみ,"¥1,000",https://item.mercari.com/jp/m89462351023/?_s=U2FsdGVkX18artDtCS5kIF_aSvTZAgWdEpCDmcPE0JThWBblwP9eIzfSQkn_hFMaUcLmAd94KyEoEFddOs24j0--IXrqrYaAPeUYTc-IstQTIdhGhJ-6KyYrg-uDoShe,https://static.mercdn.net/thumb/photos/m89462351023_1.jpg?1565848656
iPhone・Android対応 sdカードリーダー,"¥1,250",https://item.mercari.com/jp/m61077124902/?_s=U2FsdGVkX1_WBbxXBH82clKOJtSERIZkj1w-9QERA81yz6EOLlFDyfoz5UiKGDyHk8fqLs3rZGJv7_mw8IM1dTW7ADpzRDpmVOaEXTJDAKXbk1k2J3uYodJLiGNOBu8y,https://static.mercdn.net/thumb/photos/m61077124902_1.jpg?1567602510
新品★高品質iPhone・Android対応 メモリーカードリーダー,"¥1,299",https://item.mercari.com/jp/m36786455990/?_s=U2FsdGVkX1-rgvk7ozzCUij4h8Tt_K1V3G1qYEmt49IWYmUDgkbN3v6rvVs5G_DS8gaGYN9NRzQGUbic4R-4gQI5ziT8xVzJP2Swa7Ahrk4y4R8JP-JuWkvKvFRyfSCE,https://static.mercdn.net/thumb/photos/m36786455990_1.jpg?1566794257
PUBGコントローラー 荒野行動 6本指 ゲームパット CODモバイル,"¥1,499",https://item.mercari.com/jp/m58863806386/?_s=U2FsdGVkX19ZXcqsFZinlGbqpzJjIrYbJggoRA98RTTB_UMpH0bCJDSfEyjr4uJmotR_GU5GSkoloit-g3puGEGYDEM_ywKPsQLgOUuy0M3Xd77R0T7fWltVO-S30VI3,https://static.mercdn.net/thumb/photos/m58863806386_1.jpg?1573905698
Galaxy S8 純正ケース,"¥1,500",https://item.mercari.com/jp/m21123514485/?_s=U2FsdGVkX18EtYABADGjRoDwdIgdmSp_0_DQmPVO7Rnnxp4tgcq1asE6TXf9WrBs5Qdfka6hc8Gyw4vexbd0W5vZO0vGJbcb3iKKkfDgDXu1ZUCffTlhrFFxNTtyu2Ky,https://static.mercdn.net/thumb/photos/m21123514485_1.jpg?1573207312
auGALAXY S8箱,"¥1,500",https://item.mercari.com/jp/m66706974924/?_s=U2FsdGVkX1_cIUltIuve1Qc7n-LvzLzY4MDDSuHGlSfieLqgL8cbANXafpFr13rpyiXWL7ddJsa7tOBoUrTG-TCJwMCREwwTpdDEsTi_cmcVSKTJeBJ4Ikq9r-lLMSv1,https://static.mercdn.net/thumb/photos/m66706974924_1.jpg?1570315366
無線HDMI変換 ゲーム Youtube 映画鑑賞に！高品質,"¥1,680",https://item.mercari.com/jp/m84885830226/?_s=U2FsdGVkX1-NQRAII6PUfTLq337jwlEYbAQE3zAayZYOC0xkuGRFBEOE2hn_1FC5puZ6-yAgeUqFit4X4jehNJ-FWAduuKYdJ0wgLXOL0HuXf6CUILetOdAWwkNiAbvq,https://static.mercdn.net/thumb/photos/m84885830226_1.jpg?1570503075
ドコモ　GALAXYS8　(SC-02J)箱　　純正付属品　　セット,"¥1,950",https://item.mercari.com/jp/m99521239512/?_s=U2FsdGVkX1_MYKk6watcwPQMX1WB--3trbX2C8_1kBPj-L_gYmopJY3UF0pagRbxuKQOjW5MHeZ9tJPpQsfdCAASW5rBfeDdfiqZo4r8zatacKE8FsirWDSJhV3JmYPu,https://static.mercdn.net/thumb/photos/m99521239512_1.jpg?1573909718
GALAXYs8 箱 ワンセグアンテナ,"¥2,000",https://item.mercari.com/jp/m14241334883/?_s=U2FsdGVkX18mwBfqYznEAc8Y1_pqoHpTNc1f5qFm5ksCb8eKydXhlVa9sNRos-Nzea-VohqcF7B624eTXpMTm3059oDxFH5_rlSEv8kJ8yT4vs7pIf5QqCoLlFuG0Z63,https://static.mercdn.net/thumb/photos/m14241334883_1.jpg?1564922582
GALAXY Ｓ８ 本革カバー,"¥3,000",https://item.mercari.com/jp/m13105047753/?_s=U2FsdGVkX18qeeQW5K7-3GMf28KxF90RITBSZ6ercrNFijNbrAlcrQgvbgeOZ1bFQwMiKhAeGv7j6myQ87ms4YbO7irANtSf3H-MVV3szpY1nrbCruTwqaux-W5fBpQO,https://static.mercdn.net/thumb/photos/m13105047753_1.jpg?1560686702
Galaxy S8　ジャンク品,"¥8,200",https://item.mercari.com/jp/m91168893803/?_s=U2FsdGVkX19XidVK5HfymyR_LHFHQoVXrisTG3qMhp2cthW_Zf4jQJrPfPsbON-aRq8b8KEQqwMAkDrX2-K1OddFs6nXq1ehThBOPPX4kwyuQbVn7ulJ2Iy-Gq2bhWOH,https://static.mercdn.net/thumb/photos/m91168893803_1.jpg?1570662364
Galaxy S8+ Black 64 GB docomo simフリー,"¥8,999",https://item.mercari.com/jp/m74673809856/?_s=U2FsdGVkX1-PD1gnPVW5vdXyeq4qBZhM8Z_UxUgO714YgoMgvvhDgCWOgvu2yFO2eTH7s9JGYy5oFEOtQ2xjPBnhIIQwDMDq1_0ioc959z4sSLenerseRsKAhu92kHXH,https://static.mercdn.net/thumb/photos/m74673809856_1.jpg?1573124752
[ジャンク品]Galaxy S8 Gray 64 GB,"¥9,500",https://item.mercari.com/jp/m23517403933/?_s=U2FsdGVkX1-mpaw8RpwppiTDfv_wEQrxgFelOhdQC427xQxq6GXYgAP7K-420sWt_aQPRNhK-G0vCpZcXi5wG6CPHVx_qQpQWQ8bIOWhdRoiHCO_dFXLqF7o3t_v4iRN,https://static.mercdn.net/thumb/photos/m23517403933_1.jpg?1572937616
Galaxy S8 Black 64 GB au ジャンク,"¥9,500",https://item.mercari.com/jp/m72337706541/?_s=U2FsdGVkX18IVZDlHwzB7n1P-j_GszuA1NUpYIXS8Z9Ot4cRf_8TuHYuILzC2zd57j7CVtVklroA_utd1vQZvvVFC5fiLw6p4dttN9VkkTPrTAnnRdg5IV0vldIwNVN2,https://static.mercdn.net/thumb/photos/m72337706541_1.jpg?1569173168
Galaxy S8+ Black 64 GB docomo ジャンク品,"¥10,650",https://item.mercari.com/jp/m36151148919/?_s=U2FsdGVkX1--j_I6tPY5u_rZ9JpTERmf0Il21J-Ylq6FHZUBGjFY-3VYxjowqOAdht-Xj_CyZw_h4M-QFXsQf47PsAYz4YZ1InSSUi1YaEByhrODRHvxJ9B22hGonMR-,https://static.mercdn.net/thumb/photos/m36151148919_1.jpg?1570589508
iPhone 6s Space Gray 64 GB au,"¥12,600",https://item.mercari.com/jp/m46700285064/?_s=U2FsdGVkX18b4-rjep0XcphMdb4kccjeo_jFKYddUfDVvH7Yasgk6cXrJCSQ1DDKBGqmhNdMYtiNlVaaBQ3Ze4htk3g664z8K1a9UbFM3TOkdJPL1wgWIt-jDhnRZttQ,https://static.mercdn.net/thumb/photos/m46700285064_1.jpg?1573444240
Xperia x performance 502SO simフリー,"¥13,399",https://item.mercari.com/jp/m67835532804/?_s=U2FsdGVkX18B-zCJDFbtdSZ3r5086TlbougipsTiOewUJT4MT8XOGUjb07M0uFJQzEB-zrUbu2FQbZ-phx6iOpbJOQ999QLeU87yyaR9JCjYgvtj8fl8CMTpkhfy9wOk,https://static.mercdn.net/thumb/photos/m67835532804_1.jpg?1567168787
Galaxy S8+ Black 64GB docomo SC-03J ジャンク,"¥15,000",https://item.mercari.com/jp/m82819506841/?_s=U2FsdGVkX19zK9gJ-EtvNGutxUA8jdukrvd4CB7mzEGAOPso7pvo6pFg3jUcHPhGdcqNnULYORFk663blTAevqeSxzTKCINvLCd80gGifE1pGSvcQ_AsGfPdMBOsRDf2,https://static.mercdn.net/thumb/photos/m82819506841_1.jpg?1573869526
GALAXY　S8 SC-03J　本体,"¥16,000",https://item.mercari.com/jp/m72603373530/?_s=U2FsdGVkX1-FjYBGDsfyQvfvL9e7_CWyqcXK8-94HfO-9XmUYFmcKNmWbsH9tWNyl-8H0dwkUQSUkyUSUY0DEe4gGI8UiDNp__PLeNRK3kl44_qE1Jnn43zwjqvmxPGF,https://static.mercdn.net/thumb/photos/m72603373530_1.jpg?1572083250
Galaxy S7 edge White 32 GB au,"¥16,900",https://item.mercari.com/jp/m95822288730/?_s=U2FsdGVkX1_6Li0mUPkp1JtmW7d5Juaowla5UvC68MCwS0tatKkMpSrRlMNyKpfHG8CMVFmAvEW-crPUhmvORIALq0sDXod5kcmptSgraW18MT2IxQNum_KEJWZuGvo1,https://static.mercdn.net/thumb/photos/m95822288730_1.jpg?1573831428
Galaxy S8 Black 64 GB au SIMフリー,"¥17,000",https://item.mercari.com/jp/m17720436774/?_s=U2FsdGVkX1_vWJLKsY6HCERBIQ-AgMxQX672tKWJRLYO7oKl3ZGMHo0VihYeQqMLeHaeyavX5qpW1A7V47GVUe8itm-NiV1t_utkB7nsFS-j10BeCd5Yys8I5721QwrZ,https://static.mercdn.net/thumb/photos/m17720436774_1.jpg?1573022795
GALAXY S8(SCV36)64G,"¥17,000",https://item.mercari.com/jp/m97059049806/?_s=U2FsdGVkX1-aeiL7TZQTxtbmSGYtzDnMlU3aXaF4GpbM0zeZlTEyD6OX9-A0j-SW9JgKdI8KqB0v7U_qfhvJB-SFGVO_k3m2o4ns87OU7vccqP8on8_N8JBu7odp96wJ,https://static.mercdn.net/thumb/photos/m97059049806_1.jpg?1571309453
galaxy s8 simロック解除版,"¥19,000",https://item.mercari.com/jp/m68857736869/?_s=U2FsdGVkX18aTixaQ4bysy5PtZw7WFyvjkc9wqLzcTugc6f89fvqbjxdWeusDm_1glD2hKb5fzMTfc7v2E_aEhfMDlWh46iNCkKEdlsFzZPhbkBeTSOv1Z1wfUS4LI15,https://static.mercdn.net/thumb/photos/m68857736869_1.jpg?1553873066
Galaxy S8 Gray 64 GB docomo,"¥19,800",https://item.mercari.com/jp/m53320590485/?_s=U2FsdGVkX19GJHQM0d6RbG7_BRklP2wjbKbjSSJoIx2KDHXbIaQ0XwaI0lvzSbnmcqpRb3SRyTheBUqGpvcIqd8TXBFZG4AwoIw14E8wDuO0VVkud2nxcfMFJQRbERNq,https://static.mercdn.net/thumb/photos/m53320590485_1.jpg?1573873248
au Galaxy S8 SCV36 中古　スマホ　白ロム,"¥19,900",https://item.mercari.com/jp/m10283528356/?_s=U2FsdGVkX19FN_G53ipxm2gJe4ZWpvpPU48JcOkuQpUJwSPWs14uJMFfxjdnDW27D9WrAwRxxkUH8bgRt0DQxU-295YQNFHYcgdyiHborbbbIqolWUdLccCcvHwqO62q,https://static.mercdn.net/thumb/photos/m10283528356_1.jpg?1558817074
【最終値下げ】Samsung Galaxy S8 Plus ※画面割れ有,"¥20,000",https://item.mercari.com/jp/m86005188624/?_s=U2FsdGVkX19wHTlhCTDYkGv0_jtzk-KgPpdRBH7NBDrx3uUWgWsTQskIYjiR2M-vQw6h-LZLCtOCQ40tCvfG6pqd8AUWksuHw6hODSIa92_HxhiQTTZyJtTvNUV3RqMY,https://static.mercdn.net/thumb/photos/m86005188624_1.jpg?1570750846
Galaxy S8 Black 64 GB docomo,"¥20,000",https://item.mercari.com/jp/m94281242839/?_s=U2FsdGVkX18Uw0iKhPifPmklbiQvbR_MMfhCUCN9mQSqrRgOE0v8J5mjY-FBWizI-5cFVSwaHZkv_i7QyrPOMIqb09O6HH4x2NuLR-dtr5xKxRNKbEdK1_nB5lIg1xls,https://static.mercdn.net/thumb/photos/m94281242839_1.jpg?1569029273
GALAXYs8,"¥20,500",https://item.mercari.com/jp/m33300471834/?_s=U2FsdGVkX18orB6P63B8U2xtprW6qjGr2ZGTdPcrQB4tYTtsZ2v8zDjcEAsOehDPMCbUSAUEJbP2E7-VrkchlGw37PqBAExSkNlysWXonZJC0PMrUMNcZWtzyOOiDZIw,https://static.mercdn.net/thumb/photos/m33300471834_1.jpg?1561331054
☆☆Galaxy s8+　GalaxyVRセット☆☆,"¥21,000",https://item.mercari.com/jp/m79185837524/?_s=U2FsdGVkX1-hmExajF6FJkACGFmjDrEEBwvd8nm_rI7mVqKnLbE4yWuru9BT_m-Z0bnM9L-LYt18-wi2bitAPCa9OQdAe8x9A6DcLbOI50ffqs-2u0jxNUflthF-yDfM,https://static.mercdn.net/thumb/photos/m79185837524_1.jpg?1565503212
Galaxy S8 Gray 64 GB SIMフリー（海外版）,"¥21,111",https://item.mercari.com/jp/m83499788499/?_s=U2FsdGVkX1-xHOOyN2KeDMId1tdUKXBU0TCEWCNCYwlQ5_SHPZXfNg-xAGIG9bUVgLe9NsFmQQuJPtf8R9WKBfOHqMyU0mbAdNogeyJykYOJKtNuCO5qAJSJIx0fCn7D,https://static.mercdn.net/thumb/photos/m83499788499_1.jpg?1566432384
【最終値下げ】OnePlus 5T 8GB/128GB SIMフリー plus,"¥21,800",https://item.mercari.com/jp/m64622979102/?_s=U2FsdGVkX1-I-M97fL1vDyE7UqxMItBToLJ2ljorFrcvf9L3AkedH1NT4v_Zt1XiOTAlRlgFoI1nZnFQTLgPUJI-7-3LbY_Su0vE7O211R5M9lduFaZMxtAj_56Fc6K6,https://static.mercdn.net/thumb/photos/m64622979102_1.jpg?1573738280
Galaxy S8 Black 64 GB SIMフリー,"¥21,999",https://item.mercari.com/jp/m32255308719/?_s=U2FsdGVkX188Z2Or9eAbaQYIw8jMIWnKA7mD27DxUrUb4xnelqHhF1uajFRdeTHb92pMtp1XLOueOvLsn46Wtcwo3e7wb1KgCpBAHEjFyCKqBUP4k9ewFl4BgmMeAB47,https://static.mercdn.net/thumb/photos/m32255308719_1.jpg?1568991400
Galaxy Feel2 Opal Black 32 GB docomo,"¥22,000",https://item.mercari.com/jp/m53999453489/?_s=U2FsdGVkX1__lqIN-jcE85ukgQZUZ31ghVFC-aBnpI7vheFsnHEUudRO02z0eeJ37Jke3j3QrQl7s_D-W7s6CmNWt23DXZBUJ1CRqVNeOiZUPIJwT4i6IZsE7jACibHw,https://static.mercdn.net/thumb/photos/m53999453489_1.jpg?1573598073
GALAXY SC-03J 液晶割れ,"¥22,222",https://item.mercari.com/jp/m57261784235/?_s=U2FsdGVkX1_fXQWSh4zGmm4PMBNcUUyf2vArprwwq6X-7w7bvih-Psd6r1LdH6SzzdbgQyAOaZIymdti3WKrHyGVXl5RF5kdLeGgBxeFS2k3s1BiKNBFFa5S8W6_Kw1_,https://static.mercdn.net/thumb/photos/m57261784235_1.jpg?1567615596
Galaxy S8 Orchid Gray 64GB キャリアau,"¥23,000",https://item.mercari.com/jp/m88254889082/?_s=U2FsdGVkX18RtrBY_KH6Co4OvvPobo5b5Vq_lOpAju1MikIk2O3cFsPQI0lL5YGX16LBTFtSmxRr9bY229k-wbpLtjNw0esv7PcqoDFX1u3pLts7PS1QbI9MO-JLksTJ,https://static.mercdn.net/thumb/photos/m88254889082_1.jpg?1573882121
値下げ　GALAXY S8 本体　傷あり,"¥23,000",https://item.mercari.com/jp/m78806709139/?_s=U2FsdGVkX19MTZ4e0jBiGTV4xhCZgg7q92m5dnO2_kx3L70vFcDMcBAJUJ6lwsgIefG9DGIXirFrPLTDFo_s_6kkGec6-EH4aS1IEpljG5Chz-ETTL2kPnFBkuyBrwwk,https://static.mercdn.net/thumb/photos/m78806709139_1.jpg?1569372368
最終値下げ！Galaxy S8,"¥23,000",https://item.mercari.com/jp/m15968655921/?_s=U2FsdGVkX1_m3XzIZeq6ZzRlbaG2i8AMrSB9ZPybbggBqZoacfISs6UcMsav1-sUneaaxiUHhofNXP6KLvAMX049Dq3GNLD_3jhHyZz9-G22jnCjJapyeQ5ojuD5gU-e,https://static.mercdn.net/thumb/photos/m15968655921_1.jpg?1563107179
Galaxy S8+ Black 64 GB,"¥23,333",https://item.mercari.com/jp/m30344046483/?_s=U2FsdGVkX19LOmlKIt7qxvr2MsGXTBJvJ1UUQiiQ6yy3VFui7f6gfObTVSRGJc0r4-4Fusd2tFF0daXwezVOGT4VqxTakFv0xhTHsks8pBBN5CEkYorCM3BqsrLh-8pK,https://static.mercdn.net/thumb/photos/m30344046483_1.jpg?1572972710
☀️ Galaxy S8 docomo ☀️,"¥23,400",https://item.mercari.com/jp/m32024476304/?_s=U2FsdGVkX1-o8p22bijy43MZz6I1yG3-VVHR6gcQDSixfcaZSohjsmNpUgaIAp3whh69ZUvebtZOGOQ0I3iROYPOb632IJY8nHjLJxkC3OZUsCUwhif-0F7axIiIhWv_,https://static.mercdn.net/thumb/photos/m32024476304_1.jpg?1569681463
15日、16日限定！Galaxy S8 Gray 64 GB docomo,"¥23,800",https://item.mercari.com/jp/m16005439631/?_s=U2FsdGVkX19NaKHR8kBT6TOPFiA7i0Bdm5VcWekzOysvhJm31X_p8bpMs_Fj3tExY8C2iG8iKt2Qcq9gBsfx6ty6aMMVWAs2pir5Y9KDW2dITAQskxfza8_x0JKMzCyC,https://static.mercdn.net/thumb/photos/m16005439631_1.jpg?1573359034
Galaxy S8 Black 64 GB au,"¥24,000",https://item.mercari.com/jp/m58279473564/?_s=U2FsdGVkX1_lz4iBuTJZ1R1ds066doHRYfPad5PHlzB7BN1F8CcXnGkgIYX7tn1etbVJjUVmklu8k2QAVe8GcxHAcZt8z5sigX3x86qQOyUKAxAh15vWe7CU7_6G0Quc,https://static.mercdn.net/thumb/photos/m58279473564_1.jpg?1573810357
Galaxy S8 Blue 64 GB au,"¥24,000",https://item.mercari.com/jp/m74508517413/?_s=U2FsdGVkX1-HPxmRyfcIyGs3lHM8FINQJIvswfStuUmXUylo2GynfZIuKLHRCS54KJEfjyDhQ5vIom3iamaGG44eKOAGbkRX6Uwl4jDKI1ZP9tAQ-FD57745P8jbShFG,https://static.mercdn.net/thumb/photos/m74508517413_1.jpg?1573307617
Galaxy S8 Black 64 GB docomo,"¥24,000",https://item.mercari.com/jp/m85478420906/?_s=U2FsdGVkX18r1hNpcqupmEy9F9M_8XiUvkskzTDLSBYthfuQx293AF214g31E0k68htHvxo8DDCBrhdXzQtdk-WH-v-mD9uN9l5o0oiTVrVzgJ96Z7kabzaZUzxFTsMN,https://static.mercdn.net/thumb/photos/m85478420906_1.jpg?1559971991
Galaxy s8　SIMフリー,"¥24,444",https://item.mercari.com/jp/m75984939306/?_s=U2FsdGVkX1_MQdvskOeel8G4QsmvyHtK_FT76ucS-QRZHY3xlWoKx7hn0mj2NIdb-yowRgj5SBr2Hfm21l6u7z7AmSvFwekWXXcmGmTpZqyYexUmbAp9b8eHFn0-sEvI,https://static.mercdn.net/thumb/photos/m75984939306_1.jpg?1569242949
値下げ☆美品☆Galaxy S8 simロック解除済み,"¥24,500",https://item.mercari.com/jp/m41018379550/?_s=U2FsdGVkX18_U0ywMS521QIf9HbRnXsMKl77hpxHLuQwbEuu7o2zODbuJMXV-dksoOvh_Q5YKa5puR-wMWrrYU53_Qx2uqbm7buibo4Zgfh16xXtH1Y1RB9nrqbxaZkf,https://static.mercdn.net/thumb/photos/m41018379550_1.jpg?1569105996
美品　iPhone7 black 32GB softbank,"¥24,580",https://item.mercari.com/jp/m42198810673/?_s=U2FsdGVkX18L0yOiH5Yjt_H1Jg_RCb6onLwKvr7l7dusFyQUC60zRtpaJ-s2Oq-sicScN5M8BZOQeBdmG5l5-4oPEV1mFFin-vymXQ3k2EXSns6sj_lbQQPnVeBn5F2z,https://static.mercdn.net/thumb/photos/m42198810673_1.jpg?1569729338
美品♪ simフリー♪ Galaxy S8 sc-02j ドコモ,"¥24,800",https://item.mercari.com/jp/m36561839557/?_s=U2FsdGVkX19UA28sHCiLlSrZinnQ2LfsLke0LcACwcvxJ9lVbs0rXadn_18IYQD6Zlez453UWsWvEr_gJOFNR-tm04Inp_7IBxqDbnY1s66CdG_qW5ejuQV3ef8lfPMN,https://static.mercdn.net/thumb/photos/m36561839557_1.jpg?1573394407
Galaxy　S8 スマホケース,¥500,https://item.mercari.com/jp/m44003711676/?_s=U2FsdGVkX1_WqtUT6eOKB5khSf9li2TkcfeUOjb0jG1CV69KBtKFJZ0dgaSSxWpMTqq9eRqojQjWEiflHsaUW9ljRETTcnWrEQj8LJQMxVR3zBwvvqnzxZHSnlGrrioX,https://static.mercdn.net/thumb/photos/m44003711676_1.jpg?1566376082
Galaxys8 空箱,¥800,https://item.mercari.com/jp/m92681486442/?_s=U2FsdGVkX19v_HvKAHuMjgSyRg5mBXq4p9yM5PKVrpHV2tzjKCMuk6-IRDav3oBU69AuKIPCjYHOPv5GvxbwcCo6ZQkKFHnpe2pz3X_2vsdLhmgbl5qXtW3u4bWG6Qoy,https://static.mercdn.net/thumb/photos/m92681486442_1.jpg?1565276549
Galaxy S8+ 携帯カバー,"¥1,000",https://item.mercari.com/jp/m19387778376/?_s=U2FsdGVkX1_CiTUHF6vO5NVKJ1GBYQzgReVXYwAjCznBZuk1dSJt6vZTvBPnqiuhXNW-4nJtN4M-xZKCi9PXggAZZ7GgW-ixkSmhPduh-5gJte6ROrXWrgAQAhS2CSfI,https://static.mercdn.net/thumb/photos/m19387778376_1.jpg?1570957669
Galaxy S8 Blue 箱のみ,"¥1,000",https://item.mercari.com/jp/m89462351023/?_s=U2FsdGVkX18n6fnoNp556hSJpTzxl7xr52zxLx2HZZVKhvgpc7qi0pdGilfSmUVPZ76A9tW9CO-ajcVPMJnslmH7FTSHPyfaaSH6FGSwQvy9jZw_oFP-yK-mLzW5TLui,https://static.mercdn.net/thumb/photos/m89462351023_1.jpg?1565848656
iPhone・Android対応 sdカードリーダー,"¥1,250",https://item.mercari.com/jp/m61077124902/?_s=U2FsdGVkX18spIFawZiN8UjGW1Gpz4WYFFlAPfGG8Y1HcG_ZAJexHpR8JWZcnj7NonE4sOtcKyCefz2izR51LWEoAb75_hA-WatoimqtrHYd1b6zhzs0GjSCmlRea4CW,https://static.mercdn.net/thumb/photos/m61077124902_1.jpg?1567602510
新品★高品質iPhone・Android対応 メモリーカードリーダー,"¥1,299",https://item.mercari.com/jp/m36786455990/?_s=U2FsdGVkX1_ko3TzoBpG0ZxRVq1kHtY4spSeLGch7M5i4l_9Y-aHm6_p6NgVkJuwNYn-14jKFjL9W5gDn4_elPynCH8mb_W8eh5LNSa2LTH_HtBZicd1Gxp_PcIhhWp7,https://static.mercdn.net/thumb/photos/m36786455990_1.jpg?1566794257
PUBGコントローラー 荒野行動 6本指 ゲームパット CODモバイル,"¥1,499",https://item.mercari.com/jp/m58863806386/?_s=U2FsdGVkX1_N3ULa2xVR4HNJbu0iFCHPcPErUmg8pdEh4rX14SLUdG4ihNK4DYQwWi-OfKxLVJUzxMzXJSHPJF-isDLlcpQqMGQRA66A2v2Kimkd0s1zjNlejkhAzJ1k,https://static.mercdn.net/thumb/photos/m58863806386_1.jpg?1573905698
Galaxy S8 純正ケース,"¥1,500",https://item.mercari.com/jp/m21123514485/?_s=U2FsdGVkX19L_R7Cp-jQg5JxxiZjgi4kEXZgoZNGN2p4bFf07bxHqGt2RhOBUDv0pbIEy70rwW0x_z25CfADZ7RjUTg2AFMlsimbYoed_1axkiXR9r4yOLIlkVC-a8xm,https://static.mercdn.net/thumb/photos/m21123514485_1.jpg?1573207312
auGALAXY S8箱,"¥1,500",https://item.mercari.com/jp/m66706974924/?_s=U2FsdGVkX1_03Sqj2ol6MD9yiZORQATaGgi2u6VMtK520-UGkhx_kAqRmkS6ikupcC6byKYRazAQQIJkaK-LmKGYQubUf0VoKG3XpT35dvxNCFclYu5DsT3ZFPqqzlzi,https://static.mercdn.net/thumb/photos/m66706974924_1.jpg?1570315366
無線HDMI変換 ゲーム Youtube 映画鑑賞に！高品質,"¥1,680",https://item.mercari.com/jp/m84885830226/?_s=U2FsdGVkX1-xepv5lwMQbbVcQhsy68yv2nn3MsgJpUFs9ciFbfK-RFNpVzu1gVSrggjkrkphR2dkca7nUaaXpmTBSkh7i4HbuoqSM94AYobKttj_NRfMvIfab4wXhCKf,https://static.mercdn.net/thumb/photos/m84885830226_1.jpg?1570503075
ドコモ　GALAXYS8　(SC-02J)箱　　純正付属品　　セット,"¥1,950",https://item.mercari.com/jp/m99521239512/?_s=U2FsdGVkX19iA_ojwUuSaLZuevrqwv1m0gqY5xMqI1jI3irUgf64R4lIi7d4rkhB5_XzPzfdDeW2dtHUiZQx-GlFI5TwciiVmZNnfWpZIUlstGZKXi06eV91cUgDAuKj,https://static.mercdn.net/thumb/photos/m99521239512_1.jpg?1573909718
GALAXYs8 箱 ワンセグアンテナ,"¥2,000",https://item.mercari.com/jp/m14241334883/?_s=U2FsdGVkX19aqFw89kC22ccGDZfuTz_mHRquyHC9gP31HC4mfHEUchFSrRe5P7poqkNQJ1B0zcWDzBZQp15EX5gaK95xuYlLAAoLqJ3lqLk_dIstN2hVARWua9QZk7oa,https://static.mercdn.net/thumb/photos/m14241334883_1.jpg?1564922582
GALAXY Ｓ８ 本革カバー,"¥3,000",https://item.mercari.com/jp/m13105047753/?_s=U2FsdGVkX18gqNutbuMNLzcocPSPiL9-RyKWUwFjxQ2bwJTyec-i6slct13D0laSfTHmgzU74ZkEAxqDBZhBUkPR67csh4mD5ZqTqozJnlZE8Iy54foJ8E6jeTkdVzmY,https://static.mercdn.net/thumb/photos/m13105047753_1.jpg?1560686702
Galaxy S8　ジャンク品,"¥8,200",https://item.mercari.com/jp/m91168893803/?_s=U2FsdGVkX198AbEyqOuu02NNjKOqx3USnejPHIm4L4LI6EJkhffV9g8gcdvvKuYyq3VEnwq9WeGeCo4gGgIQyNOddLrXJP4VmO_W0qydUVsGajiEjg5HbVSC2DJRfIgn,https://static.mercdn.net/thumb/photos/m91168893803_1.jpg?1570662364
Galaxy S8+ Black 64 GB docomo simフリー,"¥8,999",https://item.mercari.com/jp/m74673809856/?_s=U2FsdGVkX1_qSOExSQAMs5e1x4RNtswxSbR4khZSZtgPYfTjB0kSelzL6iykbVI5PQ4yKLZZ3I9txX_Le0Zvn_Pgu6eCt86sy-kuSOLhybMhDz8ozrF89RDwQou4xHKo,https://static.mercdn.net/thumb/photos/m74673809856_1.jpg?1573124752
[ジャンク品]Galaxy S8 Gray 64 GB,"¥9,500",https://item.mercari.com/jp/m23517403933/?_s=U2FsdGVkX18uQkqYV5CH0ZOuDfsW4NbxAljcjyUbPffPz0gQdLoFdOs2r2wLttKXhuxMB7UZOuzeGjpsIGr-A6MbbN_OCjvI_v5cj2LMEJ5kPiEGMTediauduFrIrFsL,https://static.mercdn.net/thumb/photos/m23517403933_1.jpg?1572937616
Galaxy S8 Black 64 GB au ジャンク,"¥9,500",https://item.mercari.com/jp/m72337706541/?_s=U2FsdGVkX1-sC6XRRVqcsCiIhvJvIXL0gNJkUfE4CKWA555b-V2VAR_KWIQh8XC08071f-WLXB9FJ3y3Wgo_1FJHUNxOBfveUBKspy-PDQR9dkWTfCmzMOriS_sdyqS0,https://static.mercdn.net/thumb/photos/m72337706541_1.jpg?1569173168
Galaxy S8+ Black 64 GB docomo ジャンク品,"¥10,650",https://item.mercari.com/jp/m36151148919/?_s=U2FsdGVkX1--npZu6uIVL73pNx7MXACZsNVcq4zSLq1WFkgkcBE1id3v5ts5w-QwYP_vBaWXwm2UeRzp_JtoQ10J0tEKlXlpSHSXCBNtNklUd9d2up8EErVOaq-a3ixi,https://static.mercdn.net/thumb/photos/m36151148919_1.jpg?1570589508
iPhone 6s Space Gray 64 GB au,"¥12,600",https://item.mercari.com/jp/m46700285064/?_s=U2FsdGVkX19nIsz7miarWdWi_vGBGCNRo4MJAJeN6EAdnbiGNr8XZPg_rNcZgTxK4zrJWdLUWBtgLCoVc9skebjGBTncAaiWTan1UrnePfX_hBsUtLowGWDCG3Y_8SRU,https://static.mercdn.net/thumb/photos/m46700285064_1.jpg?1573444240
Xperia x performance 502SO simフリー,"¥13,399",https://item.mercari.com/jp/m67835532804/?_s=U2FsdGVkX1-VuQkgf20Rie1dd66bmSnxLkrbCIg5jDoMw7A1BJeu5JiALpLHwhJGmAYZnw1As-wWKlv1j3oas7VuqyfSpwNEEdbOqICayQmtlh6CfbsSunt2DA6HU4xT,https://static.mercdn.net/thumb/photos/m67835532804_1.jpg?1567168787
Galaxy S8+ Black 64GB docomo SC-03J ジャンク,"¥15,000",https://item.mercari.com/jp/m82819506841/?_s=U2FsdGVkX1_gvEJ5lwopOJlwTMdmqnwnHx4ZWXQPZq9AdMAPwudNkaLfi5Fg_PmahMZSbaK55m8TUF59OktQNByStVuwXsVtXWOR_-ZMVqVftchU2drarzA-DGciVxFE,https://static.mercdn.net/thumb/photos/m82819506841_1.jpg?1573869526
GALAXY　S8 SC-03J　本体,"¥16,000",https://item.mercari.com/jp/m72603373530/?_s=U2FsdGVkX1_hBJr81LOjsaFAV6QAzACM1augg216dmYSq2envOx2s3Am0P-HEnAFtv5muv8ooHpIIQFOGI2TRcWNPltZiDws2eXClxgzqs60SPxoAVVNDbfsNUc-2gKn,https://static.mercdn.net/thumb/photos/m72603373530_1.jpg?1572083250
Galaxy S7 edge White 32 GB au,"¥16,900",https://item.mercari.com/jp/m95822288730/?_s=U2FsdGVkX1_Turqs2h9Czf4GwIk0OTSu5r6ctuKmi9YIpP8uP6-qnyM8y6gfCd1q1Ro07TumzUQ19NQU6F4xwCFmwRrTOLuR6sdC9aXmkj1_YBsPS8AsxXV_xq9gWsLg,https://static.mercdn.net/thumb/photos/m95822288730_1.jpg?1573831428
Galaxy S8 Black 64 GB au SIMフリー,"¥17,000",https://item.mercari.com/jp/m17720436774/?_s=U2FsdGVkX19r0Z6lvQQAQRwil37OYefgL91umu5y5m8eGyle1Me3McTA295DrCTwiRD1etBmWNu1iD1Jm4zunarToU4_k-pfIIGAN725Ha7RWi6JV5qcfwngakRkZDKu,https://static.mercdn.net/thumb/photos/m17720436774_1.jpg?1573022795
GALAXY S8(SCV36)64G,"¥17,000",https://item.mercari.com/jp/m97059049806/?_s=U2FsdGVkX19Ozx1OJj0K6DZ3zmzYK2JaKsx7_Pvh3nOQdMzGwGsgKb5b0gHsGQ_Hg-IHffvQQl7Ay5z3uU8nUspPwvkqy4lWnQxI_bxICw0IZocqa2q_BX-PmhRs9FYI,https://static.mercdn.net/thumb/photos/m97059049806_1.jpg?1571309453
galaxy s8 simロック解除版,"¥19,000",https://item.mercari.com/jp/m68857736869/?_s=U2FsdGVkX19Oi3N1JBp-eyW2EWM9Ykp2Z5WGOlTWSEfaaAZK-UZ8R_YTJmYUBDhWbHjdnpZMb81vGTSbLHsb7KBXqj28TL1CTXQHnL4boZRsZLahQkhjsWJSJcJpbTKs,https://static.mercdn.net/thumb/photos/m68857736869_1.jpg?1553873066
Galaxy S8 Gray 64 GB docomo,"¥19,800",https://item.mercari.com/jp/m53320590485/?_s=U2FsdGVkX18hhruEG4WycP24KLdDeqvPR_ERZBWc-8xDngiAxsZd4JPLTM9AbSw_PgyVEKcSy9zbPc1ZUlloY7OCOpD_bN8SdPUfvPZBKnYAn4Yma4QtUTCCGd_yWsAQ,https://static.mercdn.net/thumb/photos/m53320590485_1.jpg?1573873248
au Galaxy S8 SCV36 中古　スマホ　白ロム,"¥19,900",https://item.mercari.com/jp/m10283528356/?_s=U2FsdGVkX1_JiAlwF4RFkKaUMjWi_Y2HCTv9ktf3Dsk_9I1xnZZbp29Qs4wDeR9x8uqPY7dmlOS3oi_nGh42meXHY4LYn_fP7tlzkq54JigFaCowbrZ0Riq5zIv-wKJ8,https://static.mercdn.net/thumb/photos/m10283528356_1.jpg?1558817074
【最終値下げ】Samsung Galaxy S8 Plus ※画面割れ有,"¥20,000",https://item.mercari.com/jp/m86005188624/?_s=U2FsdGVkX1-mLAaOxGw7QSkIwQ7eE_kd-78eFejq3pfCjhAuVD3HZGxl69bbwHufVOJ_vj7UQvX0PXIiMMKGi1NSGvkoLrLCjFLE8eocsDCDRxkm4ARO8iAWrg9oo2Ai,https://static.mercdn.net/thumb/photos/m86005188624_1.jpg?1570750846
Galaxy S8 Black 64 GB docomo,"¥20,000",https://item.mercari.com/jp/m94281242839/?_s=U2FsdGVkX18vWBG02U1_BALhTgODvfTASHEm6dZtsfIayTqeT4Vt4usapOBO7RPvl_EK9aFrgRHY6RPUsHeGgFqVnWslyTpzVbzmBzc4uzRNAOO-lAfsMOYEIFRc2lSP,https://static.mercdn.net/thumb/photos/m94281242839_1.jpg?1569029273
GALAXYs8,"¥20,500",https://item.mercari.com/jp/m33300471834/?_s=U2FsdGVkX19tqL7VWYcG4Yw9XrP31Z1UpHX4dwI_luALf5q6dHo2AJbCzhk1HuNYFis855vnaCAcWI2wonKKPIyjUSXJgplqMImdVMRsclJessrgflVea0ckk8znkwA6,https://static.mercdn.net/thumb/photos/m33300471834_1.jpg?1561331054
☆☆Galaxy s8+　GalaxyVRセット☆☆,"¥21,000",https://item.mercari.com/jp/m79185837524/?_s=U2FsdGVkX18VFI8ORbuJNxByXeGyezoo6JqgISELWfQdWOXQDvPOh7qx81dJyzij8VN-AHDYjMMc1U_w7j96s__A1I7ncNeseYxG-VWQyHe8SpOz7vcpBWuHVlOgFaOX,https://static.mercdn.net/thumb/photos/m79185837524_1.jpg?1565503212
Galaxy S8 Gray 64 GB SIMフリー（海外版）,"¥21,111",https://item.mercari.com/jp/m83499788499/?_s=U2FsdGVkX19HcTWX8X6d4EcCv-I1hPnr9BP50eSCGJSVaR4mGd6c5NPcBa2eAqaLeAEIocpRq5485xf5B3tYjiXA0X22dBslystTpexFd_3Mwnh87B9INUPdSnz82cq0,https://static.mercdn.net/thumb/photos/m83499788499_1.jpg?1566432384
【最終値下げ】OnePlus 5T 8GB/128GB SIMフリー plus,"¥21,800",https://item.mercari.com/jp/m64622979102/?_s=U2FsdGVkX1-NIoDrtvuXdwC5FKlUHvQHF8Ft3L81JceSFXoExR2ameldgZjJCjcrkb1cZbZivA-_1fTzXL3Dv-jaoPaI1TX094zefutV89b5rcK_mQUmijIS_ipDVyQu,https://static.mercdn.net/thumb/photos/m64622979102_1.jpg?1573738280
Galaxy S8 Black 64 GB SIMフリー,"¥21,999",https://item.mercari.com/jp/m32255308719/?_s=U2FsdGVkX19YEcSKyeJtthBdRg4bcSr3RRZjCkZNk8bE1doCb3GHHqKV4w9GGtGJXQ98iKiA7YCdsJ6CUl6S5fsmp71TqYgHdp00vMgLkfx8bFHyXcdoz42QMPe5iZVn,https://static.mercdn.net/thumb/photos/m32255308719_1.jpg?1568991400
Galaxy Feel2 Opal Black 32 GB docomo,"¥22,000",https://item.mercari.com/jp/m53999453489/?_s=U2FsdGVkX1-MWmIJW6A1Pwk-9uuUFQ5lQxmN016NLXVgXwNnvVPn8xTeA2uU1rq-smFpZQjNrkVWI3tWePZt03P1QiKOu4UtCTDi7stsGj4ERq3a8xBBvAFjMMxo0TVB,https://static.mercdn.net/thumb/photos/m53999453489_1.jpg?1573598073
GALAXY SC-03J 液晶割れ,"¥22,222",https://item.mercari.com/jp/m57261784235/?_s=U2FsdGVkX1-rqOXVKT9EpmCLmGiuvVkyU1QrKv6m146ANIqJmDEmcbCB5QKMRpQpT9YbsKlqRDU4EIfRBxBamWMJGrlYLd4mwWrXeHYSFf54kT9VGLVN2UFLHyzEZCFB,https://static.mercdn.net/thumb/photos/m57261784235_1.jpg?1567615596
Galaxy S8 Orchid Gray 64GB キャリアau,"¥23,000",https://item.mercari.com/jp/m88254889082/?_s=U2FsdGVkX195b92kD4Ilf787T0T5v8xpyWOrapRRRSPUqShth87QTl73Ewv_7EFUebaEzSpzajzZnV8spQXf11ZS67gdDP7Ou9IX31x2D6rbaURWJwAWavd0peCO4XLZ,https://static.mercdn.net/thumb/photos/m88254889082_1.jpg?1573882121
値下げ　GALAXY S8 本体　傷あり,"¥23,000",https://item.mercari.com/jp/m78806709139/?_s=U2FsdGVkX18soKY232np5nbdyM4rCdo8b9xtxRvJhWlZtoCYAleOZhhmy1e0SYXrB4x31RYDowd6aq5OzXi56A7WNVRk2NKxlXjhGt_bO0ruXY1HwB7F6YRdb5eOaBoG,https://static.mercdn.net/thumb/photos/m78806709139_1.jpg?1569372368
最終値下げ！Galaxy S8,"¥23,000",https://item.mercari.com/jp/m15968655921/?_s=U2FsdGVkX18jJuUqTUwB38K4Ya8WywdEhuvu-wEX_hd1BMSDVRNOHtd5nuxZsNIBQKAtGaIl1RahcTM8zjOquTfxURmnXINSupwheXn88PFyVxFDrSLkCL54Tf8HPEWx,https://static.mercdn.net/thumb/photos/m15968655921_1.jpg?1563107179
Galaxy S8+ Black 64 GB,"¥23,333",https://item.mercari.com/jp/m30344046483/?_s=U2FsdGVkX1_U89OVDSECGQAEiz-rDKH7tc2fMdX6ZqWsLHjYkz6QEXhBT29-G8FA8wTXz4UD6IxrZoGGhfGieTfLdsK_bTQpVp9hWjJnkA1yOveWjffYZ1FpKJk6-erG,https://static.mercdn.net/thumb/photos/m30344046483_1.jpg?1572972710
☀️ Galaxy S8 docomo ☀️,"¥23,400",https://item.mercari.com/jp/m32024476304/?_s=U2FsdGVkX1-FlT8rGO5A_mpC2z16XdZ63_CDBoX5fJdiNya93jmpHDDk7OWsH2u_GcedIoDQwn_Q5lvORbIEzry27qL1KEXawbbc7zZK4caqfbwyKBPsGckipzlErYqp,https://static.mercdn.net/thumb/photos/m32024476304_1.jpg?1569681463
15日、16日限定！Galaxy S8 Gray 64 GB docomo,"¥23,800",https://item.mercari.com/jp/m16005439631/?_s=U2FsdGVkX1-DHKJyW4_pCzS7v3fJc3juZP6OrJSjYpf9nUSO0hSKIHT88W6ZdjQrv7m9-zLftO_39dZR6s18_fz1iXmzgsNECwgdDFJ2ILfVdcCo7KgOqiTwyvKypB8q,https://static.mercdn.net/thumb/photos/m16005439631_1.jpg?1573359034
Galaxy S8 Black 64 GB au,"¥24,000",https://item.mercari.com/jp/m58279473564/?_s=U2FsdGVkX1-ejn0k8N9CkIPhkaZssQz1lqmtBi9NHyRWr-9JFiK6lxC9RqIYQILgYWB3O0luzsH0iGht4SAPAtA1Xpd2Qln9VEjJ0KNtU8WjlyCANbbnyci9DjSE7kei,https://static.mercdn.net/thumb/photos/m58279473564_1.jpg?1573810357
Galaxy S8 Blue 64 GB au,"¥24,000",https://item.mercari.com/jp/m74508517413/?_s=U2FsdGVkX18ctm1P_FL4-w7mvL4_gVYIRe7AAERX4d25fQ-4_EIz9-cGBI8RUkd530qbOQXeWZFJzb9nTX5Eg7oi5AdU03d-ffaJwoOwU022nu8BqdhfAWWzmNl_VALY,https://static.mercdn.net/thumb/photos/m74508517413_1.jpg?1573307617
Galaxy S8 Black 64 GB docomo,"¥24,000",https://item.mercari.com/jp/m85478420906/?_s=U2FsdGVkX1-AuxzeZqz3HMgZdmQqf-5AVcHCHvuRL4dzLphahSt7mMCN8iLh0XLbZrCkwS9V9f3QY8n1IT1r4sDi16bdKTUsvm8bSHvI7dIR2m2F9QbCshLMiHI_bmiJ,https://static.mercdn.net/thumb/photos/m85478420906_1.jpg?1559971991
Galaxy s8　SIMフリー,"¥24,444",https://item.mercari.com/jp/m75984939306/?_s=U2FsdGVkX18V9EsXPRKpHnMFN8m2A9JbWXO3EC4qSPNp1Z5wZA_AmY1AwlhQEmlg-3kDr90RrXhjpYaCfLxMhLdKzVaYy2g1RM6DivVHSbLlljnlQa39jmhnjUx7V0yd,https://static.mercdn.net/thumb/photos/m75984939306_1.jpg?1569242949
値下げ☆美品☆Galaxy S8 simロック解除済み,"¥24,500",https://item.mercari.com/jp/m41018379550/?_s=U2FsdGVkX19ro_nzQ8Fp43ZOgByapWq7kLIXLYqKfAlZcclRAogZnuUqbicr3kNv7hw5M74cYpzR0wFfOGa-1TQ6CY6bhPwmrV3VZeLkWIw7FkcP0xy5r24JS6BMlcHh,https://static.mercdn.net/thumb/photos/m41018379550_1.jpg?1569105996
美品　iPhone7 black 32GB softbank,"¥24,580",https://item.mercari.com/jp/m42198810673/?_s=U2FsdGVkX18lSbftdAt8Z9aOnSJ6BEOOevekp60sLXOZ5H67uqLL0DMePq3el5rIoVlHGaZI_LMjzuHhZ4UKMyeh2Gd6IBZ-n2X7XzSvSD1UUKZ5MJ5a-3AheZ8xeYs-,https://static.mercdn.net/thumb/photos/m42198810673_1.jpg?1569729338
美品♪ simフリー♪ Galaxy S8 sc-02j ドコモ,"¥24,800",https://item.mercari.com/jp/m36561839557/?_s=U2FsdGVkX1-y8E76YsSXsjveyveX7W1NYT20wbZIlWs9Ko4S5f8uIFx3HABJ_cebqJIKLcJhRdaTQbkCNyS562b2Os3WDo0nj1NpGfzEO7B5OgRvqRQ40K5Xq79UmTm4,https://static.mercdn.net/thumb/photos/m36561839557_1.jpg?1573394407
Galaxy　S8 スマホケース,¥500,https://item.mercari.com/jp/m44003711676/?_s=U2FsdGVkX18yCori3rt4ge_-Xwc-vVLByz6pyagLYDXBO5dl2dx6USN2CRgEioFPhdfY1YalDwD5lYdwLC9woIa0rwdbpfbovTY7CgHXqUT4EoDLD7zdxgz6DBqolDXS,https://static.mercdn.net/thumb/photos/m44003711676_1.jpg?1566376082
Galaxys8 空箱,¥800,https://item.mercari.com/jp/m92681486442/?_s=U2FsdGVkX18hOe4ZtjWf3Awaya1rh7Kdzz3yYUvU83UKbHuRFy-VoksptIYheVnoGcRk8RoT7u0WznQhtHyTTTxrH3VGuCg19dnzm8cIvFrqKSrSBJBj9DCNZV27VSl9,https://static.mercdn.net/thumb/photos/m92681486442_1.jpg?1565276549
Galaxy S8+ 携帯カバー,"¥1,000",https://item.mercari.com/jp/m19387778376/?_s=U2FsdGVkX19R1q0IB93H4DhnV42D2Qp9-5vV_nka_f7AW6Vt1YlBw4_BX-S9bbPGHV-IvIaWE6AnUbAyZGSQWnMTztrqSUhy8rJpgQduYCcIlkeOJBVw85THTd9ztR-B,https://static.mercdn.net/thumb/photos/m19387778376_1.jpg?1570957669
Galaxy S8 Blue 箱のみ,"¥1,000",https://item.mercari.com/jp/m89462351023/?_s=U2FsdGVkX1-0fEGtu7AvTdrhO-ZixD3gOOF1FwmhvnogpWuwUntPLE1SsaUwnRkTzpEPpVLucUyZYUizTZV2W1TWSlmNyV_32QazaGkta1qoj9FrLAhLOmEI9buIf3Vg,https://static.mercdn.net/thumb/photos/m89462351023_1.jpg?1565848656
iPhone・Android対応 sdカードリーダー,"¥1,250",https://item.mercari.com/jp/m61077124902/?_s=U2FsdGVkX18qKvKC1MCX4HgQRmagk1ZIESgx-6HH-yALarALeclkMZDjTV2iNt1vN6ApFNGr9KjpVMre87CdY8EtDBPOyvjTQ6Osf3pNQyySgeD0ak350vU8wKMkXK2_,https://static.mercdn.net/thumb/photos/m61077124902_1.jpg?1567602510
新品★高品質iPhone・Android対応 メモリーカードリーダー,"¥1,299",https://item.mercari.com/jp/m36786455990/?_s=U2FsdGVkX1-yvF35PkN6AnP_8HziqrjjU7JCw-whS-DX1KKghupQgSfm4vRIGEFV7akcxdi69bnWG4ciptadVxLXsYEPl-MlCaDt1HipSQ99tUV1brW-PQWr5wSfByXN,https://static.mercdn.net/thumb/photos/m36786455990_1.jpg?1566794257
PUBGコントローラー 荒野行動 6本指 ゲームパット CODモバイル,"¥1,499",https://item.mercari.com/jp/m58863806386/?_s=U2FsdGVkX19YAkTZEiigmFt8Dio0labOx872njinHCI_vKIe7PvhFVEttLzhAc-ZEA3Olju-Fos35OUWAIYeApPwz-ICt14hMEoi_Dfe8cTdK15pvdBvHREL0lBttl51,https://static.mercdn.net/thumb/photos/m58863806386_1.jpg?1573905698
Galaxy S8 純正ケース,"¥1,500",https://item.mercari.com/jp/m21123514485/?_s=U2FsdGVkX19eXa2hlrpGWKxoR6A607Fiofcya6fd0uP7QsIRoFyzyWfGmb0yd_yKMYRaB7VI1QUSryOdT4m7paFiarLmkzoHkq9PmUSCHhsDsS8a2wLA0Nz1PwON6B81,https://static.mercdn.net/thumb/photos/m21123514485_1.jpg?1573207312
auGALAXY S8箱,"¥1,500",https://item.mercari.com/jp/m66706974924/?_s=U2FsdGVkX19dvcEE4EhC-s5aM_i9wj0gZ5BSnEal-IPAz7x0E2goq7cL5FFk4iLOSvKTwEn3KEPGwI3wob9N_svUmT7Y2q7JOj3pHM6KOQs0YPx7U7TsUFzDe5LVes0r,https://static.mercdn.net/thumb/photos/m66706974924_1.jpg?1570315366
無線HDMI変換 ゲーム Youtube 映画鑑賞に！高品質,"¥1,680",https://item.mercari.com/jp/m84885830226/?_s=U2FsdGVkX1-oMBTSnxeLvEUEp_IIFDZox4TAJD8obrYvUlBXKXt7o2IJpyuXKqOmx603iBohxZ3uzjFCduGOQP9g7dfgidGdF19prCLoMCVUM3tY9BBbgmm060Vgg0_x,https://static.mercdn.net/thumb/photos/m84885830226_1.jpg?1570503075
ドコモ　GALAXYS8　(SC-02J)箱　　純正付属品　　セット,"¥1,950",https://item.mercari.com/jp/m99521239512/?_s=U2FsdGVkX1_RHWzg6nbt5qVdETlPDkqqO-mMzl6zZallo3sT7klN5GR1o0emUJUCeUlWoQ55cz-nszSVEMXkgFAfk8bDj_WdUeVoFyH6_a3rpZkH61bhxqwucpeIit8X,https://static.mercdn.net/thumb/photos/m99521239512_1.jpg?1573909718
GALAXYs8 箱 ワンセグアンテナ,"¥2,000",https://item.mercari.com/jp/m14241334883/?_s=U2FsdGVkX18Q_qxtghT9C0yMzcQg72P3yD0TFHsvFRbnjTjJW0lB02imJVVEJdLmkRTPWEnaiwNQkJXipEcoBRaNvPQOK5nIpAfehTZ6NoNvc7v0vkfOVrNHWxsBWD9m,https://static.mercdn.net/thumb/photos/m14241334883_1.jpg?1564922582
GALAXY Ｓ８ 本革カバー,"¥3,000",https://item.mercari.com/jp/m13105047753/?_s=U2FsdGVkX1_dQQvQ3clkwvxzYyqx6jUpzmU-ZPthrn7tzoIFbCtHun3kwmynGyneA48tSL7HATeiKsEfiAAZ3DqVjY0CMhSuHKYn3zCnMZb12o4SkeVYT4TzBzfdJWno,https://static.mercdn.net/thumb/photos/m13105047753_1.jpg?1560686702
Galaxy S8　ジャンク品,"¥8,200",https://item.mercari.com/jp/m91168893803/?_s=U2FsdGVkX1_D1DCW2uMbIXsgrq-m4cEeiDDptyQfQUAnMCiXTOXJyfWtDln3Cs29kvy3QX0-SyXUdEHtfPzOFw0iWLFx-s5P3IvAr9SZAEob-tS2CUfMQHrQDWic8dY9,https://static.mercdn.net/thumb/photos/m91168893803_1.jpg?1570662364
Galaxy S8+ Black 64 GB docomo simフリー,"¥8,999",https://item.mercari.com/jp/m74673809856/?_s=U2FsdGVkX1-DbNPQA9USJTpEr0ZEm3rWXZ0f_HOwmwUIWcZcSF6UdRhe4eP8dwY7XNsQtll1hArnWgC4LaZ8SxpfRxP4v17hwkB1mWoxZLmdJuH9-n9KqqxqxE0EkQGj,https://static.mercdn.net/thumb/photos/m74673809856_1.jpg?1573124752
[ジャンク品]Galaxy S8 Gray 64 GB,"¥9,500",https://item.mercari.com/jp/m23517403933/?_s=U2FsdGVkX19tlMwwm3iN2rYUaiFqSPPNJrR90_3-j3fCSKcBBO96OJe1SDipFInh7rk5Nbf6HGvNEvNnifg4YcRCpF5dznqqe8dKc_ta4WrVrhBdnLeC76POFMPtguKd,https://static.mercdn.net/thumb/photos/m23517403933_1.jpg?1572937616
Galaxy S8 Black 64 GB au ジャンク,"¥9,500",https://item.mercari.com/jp/m72337706541/?_s=U2FsdGVkX19UGqA8JW9gyn113LWrmuY0Yaz7BZny8xit9tVRv-cXh0U6h31JnFeqqAru8ttPDAsvEbDKsJN7JBlXxzvOkcKjwOyC-Eszc0zS_l7xGodGD6wRoKyp9y3W,https://static.mercdn.net/thumb/photos/m72337706541_1.jpg?1569173168
Galaxy S8+ Black 64 GB docomo ジャンク品,"¥10,650",https://item.mercari.com/jp/m36151148919/?_s=U2FsdGVkX1-V7iRX6eI0lu9tVzBUlKbVGeBxRMG-dMi8erdd_J7hpcvMCG0YaKl_r4oQliouNrhXh_gctsFJivOPsAgbZGKRrZ36xp3h5IDJclPWgPL4eJq9e9TpYeWs,https://static.mercdn.net/thumb/photos/m36151148919_1.jpg?1570589508
iPhone 6s Space Gray 64 GB au,"¥12,600",https://item.mercari.com/jp/m46700285064/?_s=U2FsdGVkX1_YMCh-6nIGNVFhygaDd423I43o0ECvT9l9sS0X-1_ZY8rlq0qEWs-kZqW-3UEd-3d2LNPAfA5m1aU_rtoZcrM1tMEM4SmG8qXEALhNB-1m6DVzH3lkeJhx,https://static.mercdn.net/thumb/photos/m46700285064_1.jpg?1573444240
Xperia x performance 502SO simフリー,"¥13,399",https://item.mercari.com/jp/m67835532804/?_s=U2FsdGVkX19N3Xnw5ddo3iQUYzARJXRauYvpkX27I3MaMYvp0kCGL42QHajlX_xNWf3FqjhNn5JsIwTu8Z4ynLiyJqTA-GftMOhKLHBTS-3Ixc_aGhNyg09fdBzbbtvM,https://static.mercdn.net/thumb/photos/m67835532804_1.jpg?1567168787
Galaxy S8+ Black 64GB docomo SC-03J ジャンク,"¥15,000",https://item.mercari.com/jp/m82819506841/?_s=U2FsdGVkX1_Xby9vyAzKU1ZjhMMQjIKB4VlHl5BdukVnl7Oy7J2lPYby658ORvgLXx-QeMibkGPd8-NHuXD-PXuxu0Juqi8LzVYX92OSGkTVt3q-d4WpSugY4Z60AhbL,https://static.mercdn.net/thumb/photos/m82819506841_1.jpg?1573869526
GALAXY　S8 SC-03J　本体,"¥16,000",https://item.mercari.com/jp/m72603373530/?_s=U2FsdGVkX1_pG7pEjJfImovJHCLmuAXvc2JBe9oic_cMXMLz98MyvEJHaXo4qwW7HKRYUlLh03TZq8oZHofEm6plceZBFb6x-sLqLFg6_pgXVqX7bdG09eDrpYFbVciN,https://static.mercdn.net/thumb/photos/m72603373530_1.jpg?1572083250
Galaxy S7 edge White 32 GB au,"¥16,900",https://item.mercari.com/jp/m95822288730/?_s=U2FsdGVkX19ZiIXP9FN9tFKgHj5mu042jd9kbJQfsfCU1mDn_eYPvN5qFRoFShRTJmdFr_43iEzcHfY0zYWO7Q7cBCbXxaQiQfrQioaGDjJuvC0FVKwau-onQXY1R31e,https://static.mercdn.net/thumb/photos/m95822288730_1.jpg?1573831428
Galaxy S8 Black 64 GB au SIMフリー,"¥17,000",https://item.mercari.com/jp/m17720436774/?_s=U2FsdGVkX18YOIp3Aa_RHinrLrPEyb602uLmrYH4_qkl9IHqkpBHfiMlohfDDH_SVPYc4GSZjPk78sVX6Q9YmKFSWgIalCfNYmmGA_W7-YDYiTCLSBcfYnPTcnwXQNVC,https://static.mercdn.net/thumb/photos/m17720436774_1.jpg?1573022795
GALAXY S8(SCV36)64G,"¥17,000",https://item.mercari.com/jp/m97059049806/?_s=U2FsdGVkX18YLuXdqUJCuRx0akTW1nw0cq02lQXNBIIrfbIXcpTmIuJ95tHTJ0B9ZWgFVg4_yyCMXNpQ25R5xqle0472EPGpI2sLSfGZuY9mq3mkVogGXKBPrAbEkfON,https://static.mercdn.net/thumb/photos/m97059049806_1.jpg?1571309453
galaxy s8 simロック解除版,"¥19,000",https://item.mercari.com/jp/m68857736869/?_s=U2FsdGVkX18LVgq-htII_p7G8_r3NQzuj8z-PWh6aN-q5S11rl3WlsbDKGolOTTsd_6NLnCAS54KnJ6SZqLsbOXJVGU0EWT7c2J9c_ClYPC9-3SIPcB9-6AqbM3yafXF,https://static.mercdn.net/thumb/photos/m68857736869_1.jpg?1553873066
Galaxy S8 Gray 64 GB docomo,"¥19,800",https://item.mercari.com/jp/m53320590485/?_s=U2FsdGVkX19mP8EdsmDEdr1hSyyAIn6uxjvNPcXeRDGqbH_XZeLrdGb85z3VA748mCtV5RDvkR_dZPObqb1g4K_KTjjJnyBsAmGh2VGn-VAJKzRS2-edoei3ymLiaeOY,https://static.mercdn.net/thumb/photos/m53320590485_1.jpg?1573873248
au Galaxy S8 SCV36 中古　スマホ　白ロム,"¥19,900",https://item.mercari.com/jp/m10283528356/?_s=U2FsdGVkX1_dDhClb5A603wqRCOnIu8_lzSxzooDatKlJO801Tyw8O-9VmF_5AH7SctZ1BhdeADArSCOnOwCXuV12DMfHtpp8_ssdnv1VKIK8WDWzFdCmrKtck9p6EB1,https://static.mercdn.net/thumb/photos/m10283528356_1.jpg?1558817074
【最終値下げ】Samsung Galaxy S8 Plus ※画面割れ有,"¥20,000",https://item.mercari.com/jp/m86005188624/?_s=U2FsdGVkX18exyluKeiV004nIFTDUGHIXnG5IOK-yB5h1o16RQ8BkHa2_NcYNh4SiE3JTIRNIPgaWFmFahw8S3Zv8cEnJLA6CE8cQkjmJoke8lz5JlwO8LFRV-0au83z,https://static.mercdn.net/thumb/photos/m86005188624_1.jpg?1570750846
Galaxy S8 Black 64 GB docomo,"¥20,000",https://item.mercari.com/jp/m94281242839/?_s=U2FsdGVkX1-JceQJDUpugBkyz1T4McUASOqGcF-JDuCXdLY_lAXy-9l0IAzFwyOVqZjOEviiQJl__1GORugWbfk3D1Xt5uPULv6_3Cf8fIp719WEhqF3ilnZfCYOmWzI,https://static.mercdn.net/thumb/photos/m94281242839_1.jpg?1569029273
GALAXYs8,"¥20,500",https://item.mercari.com/jp/m33300471834/?_s=U2FsdGVkX1_ZOfhejlNIG0L4kJnfhBbPrnxOycgVfvRC8WSZLcwbMK0cVXTw-ev39XYJw6Ioc7VKcrgcwLVr4_rt0gKw-ynSerrvHsenjnU1F0ZXgPcd9Yoos3MCl6Wh,https://static.mercdn.net/thumb/photos/m33300471834_1.jpg?1561331054
☆☆Galaxy s8+　GalaxyVRセット☆☆,"¥21,000",https://item.mercari.com/jp/m79185837524/?_s=U2FsdGVkX18iPx_KtBnGI_5moEwf_omueSm2fKHJ3ZMvX-PaeHbafUPM-F4PeJZTuRBDLVgMyIVJXYkErWM486Io3oh94bAUSeJyJLbn0wi-KjbLXot03PLl_W5Mv-4U,https://static.mercdn.net/thumb/photos/m79185837524_1.jpg?1565503212
Galaxy S8 Gray 64 GB SIMフリー（海外版）,"¥21,111",https://item.mercari.com/jp/m83499788499/?_s=U2FsdGVkX18EDEVbUMgR15ncJAEFy7m-Ct24ENWk5wL-6ISn3Rh6HWDm-5vq5jZwYGRty9OTCS9V9VIfj5AyQp2oTVTBkx_1B1CIBlctrvtWZzxqtwJJT66pLOi-WM4I,https://static.mercdn.net/thumb/photos/m83499788499_1.jpg?1566432384
【最終値下げ】OnePlus 5T 8GB/128GB SIMフリー plus,"¥21,800",https://item.mercari.com/jp/m64622979102/?_s=U2FsdGVkX19o_syfePwYrDWnKaYMHRmRTcoMId7ChDfEi4etLoAvlSxLvAYmfpN_Y5fVYpXV8Bhkqs20fDV2uBDmVCsj8aDduJyNh6N51k-ebq2A_J-_YDhUgf8M2fbo,https://static.mercdn.net/thumb/photos/m64622979102_1.jpg?1573738280
Galaxy S8 Black 64 GB SIMフリー,"¥21,999",https://item.mercari.com/jp/m32255308719/?_s=U2FsdGVkX1-DTeSytjT1Pkr2m5FDK6AtkDlVParfHAs41XdU8ZY_G-NpuUFZdeeDydV5mWxmC1ehVdHC3YIgOxNs7mjVkjokqqa8KyRK7US-xerF2m3upLyjaFwEJ-27,https://static.mercdn.net/thumb/photos/m32255308719_1.jpg?1568991400
Galaxy Feel2 Opal Black 32 GB docomo,"¥22,000",https://item.mercari.com/jp/m53999453489/?_s=U2FsdGVkX18XpfYm4zHibm44t29JYrwPEyUf2BH6l9npRwFg0lpopdnsyQuy7mdaemTVWTDCYa_ZgEvp0QaCtA0Wsfrh_q4WGRVNhkwEBMkr6c-VYS9fqdWq-mn2GJxm,https://static.mercdn.net/thumb/photos/m53999453489_1.jpg?1573598073
GALAXY SC-03J 液晶割れ,"¥22,222",https://item.mercari.com/jp/m57261784235/?_s=U2FsdGVkX1_TRN_7h7eqsLPJgc9qqoBm31SjwiiKvwP39JO-9kcfuiDD72sgWU8u2k1JJecwKtmuO0UJemijPO55zu1YwRtk4kq4vrt-tipfxOsv2Ogo-ivvFkLV2QOJ,https://static.mercdn.net/thumb/photos/m57261784235_1.jpg?1567615596
Galaxy S8 Orchid Gray 64GB キャリアau,"¥23,000",https://item.mercari.com/jp/m88254889082/?_s=U2FsdGVkX1-4QERoPU1DJI6buuN0S4E20wJmRWOzPcyl7WbHYs4f8tcllJm-6lyVMj-ga6NW8wAyMtelSbNsbaFC-F4P2au0x2Zyfa3zJulwV-2lq1E7kXjf2wF9NiyN,https://static.mercdn.net/thumb/photos/m88254889082_1.jpg?1573882121
値下げ　GALAXY S8 本体　傷あり,"¥23,000",https://item.mercari.com/jp/m78806709139/?_s=U2FsdGVkX1_LcQf9rz-f8BZzFaB1KobRWymPVmUSQDrB6atzv3c7bgMH-T_GHPV8ba76kAtJjc5lslHOyIO37FkwFBOyDtvYDn1JYrlFmGrmhmQ80V7CtR3VrqQfFM94,https://static.mercdn.net/thumb/photos/m78806709139_1.jpg?1569372368
最終値下げ！Galaxy S8,"¥23,000",https://item.mercari.com/jp/m15968655921/?_s=U2FsdGVkX1_qfVgspPFLFmZz9BAnHbDD3YawpjwVn4IuRFQWMAI5MTg2ckdWiC2tFlplXs8w18MjAgy3hOsbS2Ef67NBgLurnzRaJc9peKgxcJ1PbkU88nVLoUPvF_Mo,https://static.mercdn.net/thumb/photos/m15968655921_1.jpg?1563107179
Galaxy S8+ Black 64 GB,"¥23,333",https://item.mercari.com/jp/m30344046483/?_s=U2FsdGVkX181J3DJEtDIlykJhzbjVCxFjMRujNFf3pDtldceH6IQwrGr6OCDFvDsqJ0OjKPD6ySY9wE_KqDzDCDad5HTD5qtcZ687bRttZ7akMoKRKcxEHdwjKbzd56-,https://static.mercdn.net/thumb/photos/m30344046483_1.jpg?1572972710
☀️ Galaxy S8 docomo ☀️,"¥23,400",https://item.mercari.com/jp/m32024476304/?_s=U2FsdGVkX190paUIuNxJH_9EviC954d4zh8A9ibhhCaaztrlJX7O_EkHwkzCivaGK16cTIM6JpAWYqPFO4B-eqEJFdPpcmTYc3Y8NIBhZOJ2ZCLLtUHHTwrY_h_xFjvm,https://static.mercdn.net/thumb/photos/m32024476304_1.jpg?1569681463
15日、16日限定！Galaxy S8 Gray 64 GB docomo,"¥23,800",https://item.mercari.com/jp/m16005439631/?_s=U2FsdGVkX1_ZI8X-j1FEh80-AmRQUbQlF9i-atYJe0UI2adfrEE_ZBnlctm4-ujzpS-sQ3DIa7FSMNSR_QumqT8_uPysigiVSJkcn09dX4PRdjWwN7WgeF4DweVszdgF,https://static.mercdn.net/thumb/photos/m16005439631_1.jpg?1573359034
GalaxyS8　ドコモ,"¥24,000",https://item.mercari.com/jp/m61997693330/?_s=U2FsdGVkX1_d2HeRZikpwr-iHfsksuyDiOlY2vBQoE9ql210X8CZwgzIN5x8u2ug-P5izN5g7vuQlMWsq8VqjyOhTIaDl9PHUUCYbVFL9BckLbE9X2rMrMJ_IoLT-vlj,https://static.mercdn.net/thumb/photos/m61997693330_1.jpg?1573910663
Galaxy S8 Black 64 GB au,"¥24,000",https://item.mercari.com/jp/m58279473564/?_s=U2FsdGVkX1-KyoKYovdliniCUqdez2JNEKKkG0npqgtQH9vaboNopzu04aYjB8-ZDxuP1GITh4jpqnThURIP99ZOdMewCREUFQ0IOivV8Ei6BZdkyASr27d_lBUZ_D0W,https://static.mercdn.net/thumb/photos/m58279473564_1.jpg?1573810357
Galaxy S8 Blue 64 GB au,"¥24,000",https://item.mercari.com/jp/m74508517413/?_s=U2FsdGVkX1_I7WBnDm5g_d8zS9E2bq-H0IzGxIDN0vkcG_unTzPYyr4jhQ5lFxJjlW_FkuTx8pCuT_Q75QyU47eDVzBLvrtMcfwqapGWVVP81jgvDBsQmNdE3sUmrPTV,https://static.mercdn.net/thumb/photos/m74508517413_1.jpg?1573307617
Galaxy S8 Black 64 GB docomo,"¥24,000",https://item.mercari.com/jp/m85478420906/?_s=U2FsdGVkX1903o6aaEwN1nOahj4gQ5_ATqJ1U7KekSm4ZsLlPi5SflSocOPnY6S08xhZa9i2Wx0-pdENYDjZpwMXjnqXMI4ekd1lcA-HXHGB27qHnWbbRzgWlk75snsC,https://static.mercdn.net/thumb/photos/m85478420906_1.jpg?1559971991
Galaxy s8　SIMフリー,"¥24,444",https://item.mercari.com/jp/m75984939306/?_s=U2FsdGVkX19e8alRw-wyDw2oea5Qg4WUr_vqoJTIqRoZBABIyRm0SIHeyIdOF5gL4raKbOt8Bdruf1lcDp804FtUWVI5v3qdz9L_RF-jVupLk2NCAE8QePTmYaaOXQqY,https://static.mercdn.net/thumb/photos/m75984939306_1.jpg?1569242949
値下げ☆美品☆Galaxy S8 simロック解除済み,"¥24,500",https://item.mercari.com/jp/m41018379550/?_s=U2FsdGVkX18NnsFAaPgG2JuJptk9FLcaBCy6DSjvjAll4PUF0zSo5OXThLT07RUBpZUriVj2jUYGeKAH1_PUTOLxV1lCJgAK7ldSa7wHTpDyQ8icSLcXcExJpRA5LsH6,https://static.mercdn.net/thumb/photos/m41018379550_1.jpg?1569105996
美品　iPhone7 black 32GB softbank,"¥24,580",https://item.mercari.com/jp/m42198810673/?_s=U2FsdGVkX19DSyBA-2FeLs3gJb8-v4yU8whxqelBSGeDP6eJfTApYITIzbgdakZ3UaDNImf1eDgeBvaWRMcS-bAQ3U2OlblThullHpDcTnU_eYiTPROkcBHo0sEZv8Yy,https://static.mercdn.net/thumb/photos/m42198810673_1.jpg?1569729338
